row_id,assoc_id,evidence_level,source_url_override,evidence_detail,url_fix_reason
5,assoc_0005,literature,,"Needs-check reference audit (2026-06): Verdict holds. Aeria (Tithoreina) is a genuine Apocynaceae-feeding ithomiine clade and Prestonia (Apocynaceae) is the canonical larval host of A. eurimedia agna, so the association is taxonomically coherent, not atypical (no Passifloraceae ",
6,assoc_0006,literature,,"Needs-check reference audit (2026-06): Aeria is a bona fide Apocynaceae-feeding ithomiine; Prestonia plausible. Embedded Haber p.c. 1998 (Ovip.) + Muyshondt p.c. are unpublished personal communications, but reported within the peer-reviewed Beccaloni catalogue, so catalogue-leve",
15,assoc_0015,literature,,"Needs-check reference audit (2026-06): Catalogue-mediated (Beccaloni 2008) with D&B 1987 embedded in source_refs (Costa Rica, ssp. hezia). D&B is a real authoritative Ithomiini foodplant source; Callithomia on Solanum is canonical. No rearing/oviposition text in the row, so not ",
16,assoc_0016,literature,,Needs-check reference audit (2026-06): Verdict holds. Callithomia lenea on Solanum (Solanaceae) is canonical Ithomiini/Solanaceae host (plausible; no Passifloraceae issue). Record reaches us via Beccaloni et al. 2008 catalogue (a compilation) with embedded real primary citations,
21,assoc_0021,literature,,"Needs-check reference audit (2026-06): Ceratinia is a typical Solanaceae feeder; Solanum sp. plausible. Source is Freitas p.c. 1997 (Brazil) within Beccaloni catalogue = catalogue-level 'literature', genus-only host. Plausible marker (filled circle). Medium confidence appropriat",
23,assoc_0023,literature,,"Needs-check reference audit (2026-06): D&B 1987 (Brazil, Para) via Beccaloni; Solanum subg. Leptostemonum to genus only. Ceratinia on Solanum canonical. No primary feeding text in row, so literature not direct. Holds. Solanaceae, not Passifloraceae.",
26,assoc_0026,literature,,"Needs-check reference audit (2026-06): Ceratinia tutia on Solanum is taxonomically typical for Ithomiini. Freitas p.c. 1997 catalogue record, plausible marker, genus-level host. 'literature'/medium correct. First-pass holds.",
27,assoc_0027,literature,,Needs-check reference audit (2026-06): Ceratinia tutia (Ithomiini) on Solanum (Solanaceae) is a canonical host-family association; not atypical. Source trail in the data file is real authoritative literature accessed via the Beccaloni 2008 catalogue: Costa Rica [DeVries 1987]; N,
28,assoc_0028,literature,,"Needs-check reference audit (2026-06): D&B 1987 (Venezuela, ssp. tutia) via Beccaloni, Solanum sect. Geminata to genus. Genus-level plausibility independently corroborated by a separate Muriel et al. 2011 reared record for C. tutia on Solanum aphyodendron in the literature suppl",
33,assoc_0033,literature,,"Needs-check reference audit (2026-06): D&B 1987 (Ecuador, ssp. lorica) via Beccaloni. Dircenna on Solanum canonical; 'nr asperum' provisional. Catalogue-mediated, no rearing text, so literature not direct. Holds. Solanaceae.",
34,assoc_0034,literature,,"Needs-check reference audit (2026-06): D&B 1987 (Venezuela, ssp. marica) via Beccaloni. Dircenna on Solanum canonical; 'nr hazenii' provisional. Literature/medium holds. Solanaceae, not Passifloraceae.",
40,assoc_0040,literature,,"Needs-check reference audit (2026-06): Dircenna dero (Dircennina) on Solanum is textbook Ithomiini-Solanaceae biology, not Passifloraceae, so no atypical flag. Source is Beccaloni et al. 2008 (legitimate peer-reviewed catalogue) with an embedded real primary citation, Fonseca & ",
61,assoc_0061,literature,,Needs-check reference audit (2026-06): D&B 1987 (Costa Rica) via Beccaloni. D. klugii on Solanum well-attested; 'nr rugosum' provisional. Underlying row confidence is 'high' but catalogue-mediated genus-imprecise species warrants medium. First-pass medium is appropriately cautio,
66,assoc_0066,literature,,"Needs-check reference audit (2026-06): D&B 1987 (Brazil, Rondonia, ssp. acreana) via Beccaloni; exact species S. grandiflorum named. Catalogue-mediated with no embedded rearing text, so literature not direct despite species-level ID. Medium holds. Solanaceae.",
75,assoc_0075,literature,,"Needs-check reference audit (2026-06): D&B 1987 (Costa Rica, ssp. relata) via Beccaloni. Dircenna olyras on Solanum canonical; 'nr rugosum' provisional. Literature/medium holds. Solanaceae.",
80,assoc_0080,literature,,"Needs-check reference audit (2026-06): Verified against host_plant_associations.json L2701-2730. Dryas iulia is a Heliconiine (Nymphalidae: Heliconiinae), NOT an Ithomiini, so the passifloraceae-atypical-for-ithomiini flag does NOT apply: Passiflora is the canonical, textbook la",
81,assoc_0081,literature,,"Needs-check reference audit (2026-06): Dryas iulia is a Heliconiine, NOT Ithomiini, and Passiflora is its canonical correct host; the passifloraceae-atypical-for-ithomiini flag does NOT apply here. Record carries closed marker and is sourced to legitimate published lit (Hayward ",
82,assoc_0082,literature,,"Needs-check reference audit (2026-06): Confirmed: Dryas iulia is a heliconiine (Heliconiinae), NOT Ithomiini, so Passiflora is its correct hallmark host and the passifloraceae-atypical-for-ithomiini flag does NOT apply. Record is a Beccaloni 2008 catalogue row with Brown 1992a (",
91,assoc_0091,literature,,"Re-audit 2026-06-16 (corrected scope/captive rules): Dryas iulia on Passiflora capsularis (Passifloraceae) is canonical, in-scope heliconiine biology (Rule 1). Cites Benson et al. 1976, the foundational Heliconius-Passiflora study named in Rule 4 as authoritative. The open-circle ma",
117,assoc_0117,literature,,"Re-audit 2026-06-16 (corrected scope/captive rules): Dryas iulia on Passiflora quadrangularis: correct heliconiine-Passiflora biology, Benson et al. 1976 (authoritative per Rule 4). Open-circle on a real foundational source = literature. Stays literature/medium; not promoted to dire",
142,assoc_0142,literature,,"Needs-check reference audit (2026-06): Episcada (Ithomiini) on Solanum sect. Geminata is squarely within Solanaceae host norms; no atypicality. Beccaloni 2008 catalogue row with Brown 1992a (ssp. striposis) embedded but not independently checked, so catalogue-level literature is",
159,assoc_0159,literature,,"Needs-check reference audit (2026-06): D&B 1987 (Brazil, RJ, ssp. hymenaea) via Beccaloni; row marked 'plausible' (not dubious). Host is 'Solanum sp.?' (queried), so identity uncertain even at genus, hence low confidence. Literature is defensible since it traces to real D&B sour",
185,assoc_0185,direct,,"Re-audit 2026-06-16 (corrected scope/captive rules): source_refs = '[Brown & Freitas, 1994 (Ovip.; Captive)]' — a real, authoritative PUBLISHED primary source (not p.c.) explicitly reporting an OBSERVED captive OVIPOSITION event. Under corrected rule 2, an observed captive ovipositi",
191,assoc_0191,literature,,"Needs-check reference audit (2026-06): D&B 1987 (Venezuela, ssp. kedema) via Beccaloni; row 'plausible'. Godyris on Solanum canonical; 'nr ripense' provisional. Catalogue-mediated, no rearing text, literature not direct. Medium holds. Solanaceae.",
192,assoc_0192,literature,,"Needs-check reference audit (2026-06): Multi-source row: D&B 1987 (Brazil), Beccaloni 1995 (Ecuador), and a Mallet p.c. 1986 oviposition record (Peru, 'Ovip.; RC: 86-17'). The oviposition is on the Peru row, not the D&B Brazil row, so first-pass slightly conflates rows, but Gody",
194,assoc_0194,literature,,Needs-check reference audit (2026-06): Godyris on Cestrum (Solanaceae) taxonomically typical; embedded Haber p.c. 1998 (Ovip.) oviposition records (Costa Rica) within plausible-marked catalogue row support catalogue-level 'literature'. p.c. is unpublished so not 'direct'; host i,
196,assoc_0196,literature,,"Needs-check reference audit (2026-06): Verdict holds. Godyris zavaleta (Ithomiini) on Solanum sp. (sect. Geminata), Solanaceae is canonical for the tribe; no Passifloraceae concern. The row is a Beccaloni et al. 2008 catalogue record (source_citation and citation_for_ui both = B",
203,assoc_0203,literature,,"Needs-check reference audit (2026-06): D&B 1987 (Venezuela, ssp. andromica) via Beccaloni; row 'plausible'. Greta on Solanum canonical; 'nr ripense' provisional. Literature/medium holds. Solanaceae, not Passifloraceae.",
214,assoc_0214,literature,,"Re-audit 2026-06-16 (corrected scope/captive rules): source_refs = '[Hall, 1996 (Captive) (ssp. oto)]'. Hall 1996 is a real published source (not a personal communication), and Cestrum is a legitimate Solanaceae host (rule 5), so needs_check is not warranted. However the entry marks",
218,assoc_0218,literature,,"Re-audit 2026-06-16 (corrected scope/captive rules): Identical pattern to assoc_0214: '[Hall, 1996 (Captive)]', Cestrum nocturnum, legitimate Solanaceae (rule 5). Published source, so not needs_check; but '(Captive)' with no observed-event verb means literature, not direct (rule 2).",
231,assoc_0231,literature,,"Needs-check reference audit (2026-06): Heliconius erato is a HELICONIINI, not an Ithomiini, so this row is out-of-scope contamination in an Ithomiini host-plant DB. Biologically the erato-on-Passiflora (Passifloraceae) pairing is canonical and is backed by real published sources",
232,assoc_0232,literature,,"Needs-check reference audit (2026-06): Confirmed at /home/franz/Documents/CodeProjs/ithomiini_maps/public/data/host_plants/host_plant_associations.json line 7475. Heliconius erato is HELICONIINAE, not Ithomiini, so the passifloraceae-atypical-for-ithomiini flag correctly does NO",
236,assoc_0236,literature,,"Re-audit 2026-06-16 (corrected scope/captive rules): Heliconius erato on Passiflora auriculata: canonical in-scope host, Benson et al. 1976. Open-circle plus authoritative source = literature per Rule 4. Justified; no over-promotion to direct.",
244,assoc_0244,literature,,"Re-audit 2026-06-16 (corrected scope/captive rules): Heliconius erato on Passiflora coriacea: correct heliconiine biology, Benson et al. 1976. Open-circle on foundational source = literature. Justified at literature/medium.",
261,assoc_0261,literature,,"Re-audit 2026-06-16 (corrected scope/captive rules): Heliconius erato on Passiflora morifolia: canonical host, Benson et al. 1976. Open-circle on authoritative source = literature (Rule 4). No basis for direct; catalogue record only.",
287,assoc_0287,literature,,"Needs-check reference audit (2026-06): Heliconius on Passiflora = correct host. Plausible marker; source Mallet p.c. 1986 (Ovip.; RC:86-15) - oviposition is real host-use but a personal communication, not a verifiable published primary, so not upgraded to direct; catalogue-relay",
293,assoc_0293,literature,,"Needs-check reference audit (2026-06): Heliconius numata is a HELICONIINE; Passiflora sp. is its correct host but the taxon is out-of-scope for an Ithomiini dataset. Row is plausible-marked (filled circle), Silva et al. 1968 (Brazil, DF), genus-only - a legitimately published ca",
294,assoc_0294,literature,,"Re-audit 2026-06-16 (corrected scope/captive rules): Heliconius numata on Passiflora (genus only) per Lamas 1985. Correct family biology, in-scope heliconiine. Lamas 1985 is a real, traceable authoritative Neotropical source, so not needs_check (Rule 3a not met). Genus-only host res",
296,assoc_0296,literature,,"Needs-check reference audit (2026-06): Heliconius (heliconiine) on Passiflora = correct host, not an Ithomiini anomaly. Beccaloni plausible marker (filled circle), primary Benson et al. 1976 (real published source), catalogue-relayed = literature, not direct. 'nr acuminata' caps",
299,assoc_0299,literature,,"Needs-check reference audit (2026-06): Heliconius on Passiflora = correct host. Plausible marker; source is Mallet p.c. 1982 (RC:590), a personal-communication rearing-collection record - not a traceable published primary, so not direct; relayed via peer-reviewed Beccaloni catal",
301,assoc_0301,literature,,"Re-audit 2026-06-16 (corrected scope/captive rules): Heliconius numata on Passiflora bahiensis: canonical host, Benson et al. 1976. Open-circle on foundational source = literature per Rule 4. Justified; no over-promotion to direct.",
316,assoc_0316,literature,,"Needs-check reference audit (2026-06): Heliconius on Passiflora = correct host. Plausible marker, Benson et al. 1976 (real source), catalogue-relayed = literature. 'nr nitida' precludes species-level confidence. First-pass holds.",
318,assoc_0318,literature,,"Re-audit 2026-06-16 (corrected scope/captive rules): Heliconius numata on Passiflora oerstedii: correct heliconiine-Passiflora biology, Benson et al. 1976. Open-circle on authoritative source = literature. Original audit conf was low; medium is equally defensible for an authoritativ",
322,assoc_0322,literature,,"Needs-check reference audit (2026-06): Heliconius on Passiflora = correct host. Plausible marker, Benson et al. 1976 SW Brazil, catalogue-relayed = literature. 'nr riparia' caps to genus-level. First-pass holds.",
327,assoc_0327,literature,,"Re-audit 2026-06-16 (corrected scope/captive rules): Heliconius numata on Passiflora vitifolia: canonical host (a well-known Heliconius host), Benson et al. 1976. Open-circle on foundational source = literature. Accepted at literature/medium; catalogue record, not direct.",
330,assoc_0330,literature,,"Needs-check reference audit (2026-06): Verified against host_plant_associations.json line 10513-10542. Heliconius sara is a HELICONIINAE, not Ithomiini; Passiflora (Passifloraceae) is its canonical host, so the passifloraceae-atypical-for-ithomiini flag does NOT apply and there ",
331,assoc_0331,literature,,"Needs-check reference audit (2026-06): Heliconius sara is a heliconiine (Heliconiinae), NOT Ithomiini, and Passiflora is its canonical, taxonomically expected larval host. The passifloraceae-atypical-for-ithomiini flag does NOT apply because this is not an Ithomiini record. Cata",
337,assoc_0337,literature,,"Needs-check reference audit (2026-06): Concur with 'literature' (not direct, not reject) and that this is a misfiled HELICONIINE record: Heliconius sara is a heliconiine, and Passiflora nr citrifolia is correct, expected biology for it -- NOT a passifloraceae-atypical-for-Ithomi",
339,assoc_0339,literature,,"Re-audit 2026-06-16 (corrected scope/captive rules): Heliconius sara on Passiflora coriacea is canonical, correct Heliconiine biology (rule 1) and IS in scope, so the existing needs_check is wrong and must be removed — confirmed NOT needs_check. Sole support is '[Hall, p.c., 1992 (C",
346,assoc_0346,literature,,"Re-audit 2026-06-16 (corrected scope/captive rules): Heliconius sara on Passiflora mucronata: correct heliconiine biology, Benson et al. 1976. Open-circle on authoritative source = literature per Rule 4. Accepted; no over-promotion to direct.",
349,assoc_0349,literature,,"Needs-check reference audit (2026-06): Heliconius sara on Passiflora = correct host. Plausible marker, Benson et al. 1976 E Brazil (real source), catalogue-relayed = literature. 'nr rhamnifolia' caps to genus-level. First-pass holds.",
353,assoc_0353,literature,,"Re-audit 2026-06-16 (corrected scope/captive rules): Heliconius sara on Passiflora spinosa: canonical host, Benson et al. 1976. Open-circle on foundational source = literature. Justified at literature/medium; not direct.",
355,assoc_0355,literature,,"Re-audit 2026-06-16 (corrected scope/captive rules): Heliconius sara on Passiflora suberosa (a very commonly used heliconiine host): correct biology, Benson et al. 1976. Open-circle on authoritative source = literature. Accepted at literature/medium; catalogue record, not direct.",
356,assoc_0356,literature,,"Re-audit 2026-06-16 (corrected scope/captive rules): Heliconius sara on Passiflora truncata: correct heliconiine-Passiflora biology, Benson et al. 1976. Open-circle on foundational source = literature per Rule 4. Justified; no over-promotion to direct.",
359,assoc_0359,literature,,"Needs-check reference audit (2026-06): Heterosais edessa on Cestrum (Solanaceae) is textbook Ithomiini biology. source_refs = 'Brazil: [SP, Brown & Freitas, 1994; SP, Freitas, 1996]' — two independent primary records from Sao Paulo, both real authoritative natural-history source",
363,assoc_0363,literature,,"Needs-check reference audit (2026-06): D&B 1987 cited for two countries (Brazil Rondonia + Ecuador, ssp. nephele) via Beccaloni; row 'plausible'. Heterosais on Cestrum canonical, genus-level. Catalogue-mediated, no embedded rearing text, so literature not direct. Medium holds. S",
370,assoc_0370,literature,,"Needs-check reference audit (2026-06): Solanum host for Hyalyris oulita is canonical Solanaceae; Beccaloni plausible marker (●) with Drummond & Brown 1987 (ssp. metella, Peru) as embedded primary source. Catalogue-mediated, not independently re-verified as direct rearing here, s",
372,assoc_0372,literature,,"Needs-check reference audit (2026-06): Plausible Solanum host (Beccaloni ●, Drummond & Brown 1987). 'nr variabile' is a provisional plant ID, so species-level overlay is unreliable, but family/genus association is sound and well-supported. Literature/medium correct.",
376,assoc_0376,literature,,"Needs-check reference audit (2026-06): Hypoleria lavinia on Solanum is typical Ithomiini ecology; Beccaloni plausible ● marker, Drummond & Brown 1987 (ssp. cassotis, Costa Rica). Host only to genus/section. Catalogue-grade, literature/medium holds.",
386,assoc_0386,literature,,"Needs-check reference audit (2026-06): Hypothyris euclea on Solanum is standard; Beccaloni ● with Drummond & Brown 1987 (Venezuela, ssp. euclea). Genus-level host only. Literature/medium appropriate; not direct since access is via catalogue without re-verified rearing.",
388,assoc_0388,literature,,"Needs-check reference audit (2026-06): Plausible Solanum host (Beccaloni ●, Drummond & Brown 1987, ssp. napona, Ecuador). 'nr asperum' provisional ID. Genus association robust; literature/medium correct.",
401,assoc_0401,literature,,"Needs-check reference audit (2026-06): Hypothyris lycaste on Solanum rugosum is the most typical Ithomiini-Solanaceae pairing. source_refs = 'Colombia: [Brown & Freitas, 1994 (ssp. limosa)]' — single real authoritative primary record with locality and subspecies detail. Reaches ",
405,assoc_0405,literature,,"Needs-check reference audit (2026-06): Hypothyris ninonia on Solanum is canonical; Beccaloni ●, Drummond & Brown 1987 (Brazil, ssp. neimyi). Host only to genus/section (Lepidota). Catalogue-mediated record warrants medium, not high; auditor's downgrade from worklist 'high' to me",
437,assoc_0437,literature,,"Needs-check reference audit (2026-06): True Ithomiini (Ithomia agnosia) on Physalis (Solanaceae) - typical, correct host. Beccaloni plausible marker; primary Beccaloni 1995 Ecuador (a real authoritative source), catalogue-relayed and not independently re-verified = literature, n",
463,assoc_0463,literature,,"Needs-check reference audit (2026-06): Ithomia on Aureliana (Solanaceae) is taxonomically typical. Record is a Beccaloni catalogue row (filled-circle plausible) backed only by Freitas p.c. 1990, SP Brazil; no embedded published primary. Catalogue-level literature is the correct ",
464,assoc_0464,,https://www.researchgate.net/profile/George-Beccaloni-2/publication/262099000_Catalogue_of_the_Hostplants_of_the_Neotropical_Butterflies_Catalogo_de_las_Plantas_Huesped_de_las_Mariposas_Neotropicales/links/5cc0d98a92851c8d2202f3f1/Catalogue-of-the-Hostplants-of-the-Neotropical-Butterflies-Catalogo-de-las-Plantas-Huesped-de-las-Mariposas-Neotropicales.pdf,,beccaloni-cabi-paywall->free-pdf
465,assoc_0465,literature,,"Needs-check reference audit (2026-06): REFUTING the upgrade to direct. The stored record is a Beccaloni 2008 catalogue row; source_checked is Beccaloni, and Drummond & Brown 1987 is only an EMBEDDED primary citation that was NOT independently retrieved/verified in this audit. Pe",
492,assoc_0492,literature,,"Re-audit 2026-06-16 (corrected scope/captive rules): CONFIRM literature/low. Mechanitis lysimnia on Brunfelsia uniflora. Under the corrected rules Brunfelsia is an explicitly legitimate Solanaceae host genus, so an 'atypical-genus-within-correct-family' is no longer grounds for need",
501,assoc_0501,literature,,"Needs-check reference audit (2026-06): Verified record at host_plant_associations.json line 16030. Mechanitis lysimnia (canonical Solanaceae-feeding Ithomiini) on Lycopersicon esculentum (=tomato, Solanaceae) is family-canonical and textbook, NOT atypical; no Passifloraceae conc",
503,assoc_0503,literature,,Needs-check reference audit (2026-06): Mechanitis lysimnia on Solanum is textbook Ithomiini-Solanaceae and highly plausible. Multiple converging real primaries embedded in the catalogue (Arruda & Arruda 1971; Lima 1947; Lima 1928). These are catalogue-level citations not indepen,
505,assoc_0505,literature,,"Needs-check reference audit (2026-06): Mechanitis lysimnia on Solanum is textbook; Beccaloni ●, Drummond & Brown 1987 (Brazil, ssp. lysimnia). Genus-level only. Literature/medium holds.",
529,assoc_0529,literature,,"Needs-check reference audit (2026-06): S. paniculatum is a well-documented Mechanitis lysimnia host; Beccaloni ● with TWO independent primary citations (Silva et al. 1968 AND Drummond & Brown 1987, ssp. lysimnia, SP). Dual corroboration supports high confidence at literature lev",
537,assoc_0537,,https://www.researchgate.net/profile/George-Beccaloni-2/publication/262099000_Catalogue_of_the_Hostplants_of_the_Neotropical_Butterflies_Catalogo_de_las_Plantas_Huesped_de_las_Mariposas_Neotropicales/links/5cc0d98a92851c8d2202f3f1/Catalogue-of-the-Hostplants-of-the-Neotropical-Butterflies-Catalogo-de-las-Plantas-Huesped-de-las-Mariposas-Neotropicales.pdf,,beccaloni-cabi-paywall->free-pdf
538,assoc_0538,literature,,Re-audit 2026-06-16 (corrected scope/captive rules): CONFIRM literature/low. Mechanitis lysimnia on Solanum tuberosum (potato). Rule 5 explicitly lists Solanum including cultivated species (S. tuberosum) as a legitimate Solanaceae host; Solanum is the canonical Mechanitis host genus,
540,assoc_0540,literature,,"Needs-check reference audit (2026-06): Verdict holds. Mechanitis lysimnia (Mechanitini) on Solanum is the canonical/prototypical ithomiine host association; family and tribe are textbook-correct, so not reject and not needs_check on biological grounds. Record is routed through B",
543,assoc_0543,,https://www.researchgate.net/profile/George-Beccaloni-2/publication/262099000_Catalogue_of_the_Hostplants_of_the_Neotropical_Butterflies_Catalogo_de_las_Plantas_Huesped_de_las_Mariposas_Neotropicales/links/5cc0d98a92851c8d2202f3f1/Catalogue-of-the-Hostplants-of-the-Neotropical-Butterflies-Catalogo-de-las-Plantas-Huesped-de-las-Mariposas-Neotropicales.pdf,,beccaloni-cabi-paywall->free-pdf
546,assoc_0546,literature,,"Needs-check reference audit (2026-06): Upheld. Source trail 'Colombia: [Fassl, 1912 (Ovip.) (ssp. messenoides)]' via Beccaloni et al. 2008. Fassl 1912 is a real published Neotropical source and the host is the canonical Mechanitis/Ithomiini Solanum (Solanaceae); catalogue-mediat",
548,assoc_0548,literature,,"Needs-check reference audit (2026-06): Solanum subg. Leptostemonum (spiny Solanum) is the classic Mechanitis host clade; Beccaloni ●, Drummond & Brown 1987 (Ecuador, ssp. mazaeus). Genus/subgenus-level. Literature/medium holds.",
549,assoc_0549,literature,,"Needs-check reference audit (2026-06): Plausible Solanum host for M. mazaeus (Beccaloni ●, Drummond & Brown 1987, Ecuador). 'nr lancaeifolium' provisional ID limits species overlay; genus association sound. Literature/medium correct.",
554,assoc_0554,literature,,"Needs-check reference audit (2026-06): Spiny Solanum (aculeatissimum-like) is a typical Mechanitis menapis host; Beccaloni ●, Drummond & Brown 1987 (Costa Rica, ssp. saturata). 'nr' provisional ID. Literature/medium holds.",
563,assoc_0563,,https://www.researchgate.net/profile/George-Beccaloni-2/publication/262099000_Catalogue_of_the_Hostplants_of_the_Neotropical_Butterflies_Catalogo_de_las_Plantas_Huesped_de_las_Mariposas_Neotropicales/links/5cc0d98a92851c8d2202f3f1/Catalogue-of-the-Hostplants-of-the-Neotropical-Butterflies-Catalogo-de-las-Plantas-Huesped-de-las-Mariposas-Neotropicales.pdf,,beccaloni-cabi-paywall->free-pdf
564,assoc_0564,literature,,"Re-audit 2026-06-16 (corrected scope/captive rules): CONFIRM literature/low. Mechanitis polymnia on Brunfelsia grandiflora. Same basis as assoc_0492: Brunfelsia is a legitimate Solanaceae host genus (Rule 5), the open-circle marker is 'plausible not strongly confirmed' not 'wrong' (",
565,assoc_0565,literature,,"Needs-check reference audit (2026-06): Mechanitis polymnia on Cyphomandra (Solanum s.l.) is taxonomically canonical and the row carries a real embedded primary citation (Lamas 1985), so literature-level is defensible. But I refute the medium confidence: source trail is the broad",
567,assoc_0567,literature,,"Needs-check reference audit (2026-06): Cyphomandra is nested within Solanum s.l. and is a known Mechanitis host, so plausible and typical. Record is a Beccaloni catalogue row (plausible marker) backed only by Bizarro p.c. 1997 - no embedded published primary, so cannot be direct",
571,assoc_0571,,https://www.researchgate.net/profile/George-Beccaloni-2/publication/262099000_Catalogue_of_the_Hostplants_of_the_Neotropical_Butterflies_Catalogo_de_las_Plantas_Huesped_de_las_Mariposas_Neotropicales/links/5cc0d98a92851c8d2202f3f1/Catalogue-of-the-Hostplants-of-the-Neotropical-Butterflies-Catalogo-de-las-Plantas-Huesped-de-las-Mariposas-Neotropicales.pdf,,beccaloni-cabi-paywall->free-pdf
573,assoc_0573,literature,,"Re-audit 2026-06-16 (corrected scope/captive rules): CONFIRM literature/low and the correct refusal to promote to direct. Mechanitis polymnia on Jaltomata procumbens. Jaltomata is an explicitly legitimate Solanaceae host genus (Rule 5), so it is not grounds for needs_check on plausi",
577,assoc_0577,literature,,"Needs-check reference audit (2026-06): Mechanitis polymnia on Solanum is the canonical Ithomiini pairing. But the record is a Beccaloni catalogue row (plausible marker) backed only by Bizarro p.c. 1997 and Freitas p.c. 1997 - personal communications, no embedded published primar",
578,assoc_0578,literature,,Needs-check reference audit (2026-06): M. polymnia on Solanum is canonical; Beccaloni ● with two ssp localities (Brazil ssp. polymnia; Peru ssp. eurydice) in Drummond & Brown 1987. Genus-level only. Literature/medium holds.,
579,assoc_0579,literature,https://www.researchgate.net/profile/George-Beccaloni-2/publication/262099000_Catalogue_of_the_Hostplants_of_the_Neotropical_Butterflies_Catalogo_de_las_Plantas_Huesped_de_las_Mariposas_Neotropicales/links/5cc0d98a92851c8d2202f3f1/Catalogue-of-the-Hostplants-of-the-Neotropical-Butterflies-Catalogo-de-las-Plantas-Huesped-de-las-Mariposas-Neotropicales.pdf,"Needs-check reference audit (2026-06): M. polymnia on Solanum is standard (Beccaloni ●, Drummond & Brown 1987, Ecuador, ssp. dorissides). Genus-level catalogue-mediated record; auditor's downgrade from worklist 'high' to medium is the correct conservative call. Literature/medium",beccaloni-cabi-paywall->free-pdf
580,assoc_0580,literature,,"Needs-check reference audit (2026-06): Hold literature/high. Beccaloni plausible (●) catalogue row citing D&B1987 (PA/DF/Trinidad subspecies). M. polymnia on Solanum subg. Leptostemonum is the textbook host; family Solanaceae confirmed. Genus-level only, not independently re-ver",
581,assoc_0581,literature,,"Needs-check reference audit (2026-06): Mechanitis polymnia is a classic, repeatedly-reared Solanum specialist corroborated by four independent embedded sources (Brown 1992a, Young 1977c, Lamas 1985, Barcant 1970). Catalogue-level but exceptionally well-attested; literature/high ",
584,assoc_0584,,https://www.researchgate.net/profile/George-Beccaloni-2/publication/262099000_Catalogue_of_the_Hostplants_of_the_Neotropical_Butterflies_Catalogo_de_las_Plantas_Huesped_de_las_Mariposas_Neotropicales/links/5cc0d98a92851c8d2202f3f1/Catalogue-of-the-Hostplants-of-the-Neotropical-Butterflies-Catalogo-de-las-Plantas-Huesped-de-las-Mariposas-Neotropicales.pdf,,beccaloni-cabi-paywall->free-pdf
588,assoc_0588,literature,,"Needs-check reference audit (2026-06): Hold literature/high. Plausible (●) Beccaloni row, single embedded D&B1987 cite (Bolivia, ssp. angustifascia). Solanum fully consistent with Mechanitis. Catalogue-level not re-verified, so literature is the ceiling, not direct. Solanaceae, ",
608,assoc_0608,literature,,Needs-check reference audit (2026-06): Hold literature/high. Plausible (●) row with three concordant sources (D&B1987 + Gentry&Dyer p.c. + Haber p.c.). S. rudepannum (=S. torvum) is a confirmed Mechanitis host elsewhere (supplement: reared for M. menapis/Dircenna). Strong but th,
615,assoc_0615,,https://www.researchgate.net/profile/George-Beccaloni-2/publication/262099000_Catalogue_of_the_Hostplants_of_the_Neotropical_Butterflies_Catalogo_de_las_Plantas_Huesped_de_las_Mariposas_Neotropicales/links/5cc0d98a92851c8d2202f3f1/Catalogue-of-the-Hostplants-of-the-Neotropical-Butterflies-Catalogo-de-las-Plantas-Huesped-de-las-Mariposas-Neotropicales.pdf,,beccaloni-cabi-paywall->free-pdf
618,assoc_0618,literature,,"Needs-check reference audit (2026-06): Hold literature/high. Plausible (●) row corroborated by D&B1987, Silva et al. 1968 (published) and Freitas p.c. Solanum host typical for Mechanitis. Multiple published cites support literature/high; not independently re-verified to rearing ",
619,assoc_0619,,https://www.researchgate.net/profile/George-Beccaloni-2/publication/262099000_Catalogue_of_the_Hostplants_of_the_Neotropical_Butterflies_Catalogo_de_las_Plantas_Huesped_de_las_Mariposas_Neotropicales/links/5cc0d98a92851c8d2202f3f1/Catalogue-of-the-Hostplants-of-the-Neotropical-Butterflies-Catalogo-de-las-Plantas-Huesped-de-las-Mariposas-Neotropicales.pdf,,beccaloni-cabi-paywall->free-pdf
620,assoc_0620,literature,,"Needs-check reference audit (2026-06): Melinaea lilis on Juanulloa (epiphytic Solanaceae) is plausible and Melinaea/Juanulloa is corroborated elsewhere in the dataset's supplement (McClure & Elias 2016, other Melinaea spp.). Accepted Beccaloni marker plus real Lamas 1985 citatio",
621,assoc_0621,literature,,"Needs-check reference audit (2026-06): Melinaea lilis on Markea (epiphytic Solanaceae) plausible; accepted marker + real Lamas 1985 citation = literature. But Markea (unlike Juanulloa) has no independent corroboration in the supplement, and the trail is broad-Neotropics catalogu",
623,assoc_0623,literature,,Needs-check reference audit (2026-06): Melinaea lilis on Markea sp. (Solanaceae) is taxonomically sound: Markea is an epiphytic Solanaceae in the Juanulloa/Trianaea/Markea clade that oligophagous Melinaea use; no Passifloraceae concern. The record reaches us through Beccaloni et,
631,assoc_0631,literature,,"Needs-check reference audit (2026-06): Melinaea marsaeus on Markea: the supplement (McClure & Elias 2016) corroborates M. marsaeus on Juanulloa, NOT Markea, so the specific Markea pairing rests only on the broad Lamas 1985 catalogue row. Accepted marker + real primary citation =",
633,assoc_0633,literature,,"Needs-check reference audit (2026-06): Melinaea on Juanulloa (Solanaceae) is typical for the genus. Beccaloni plausible-marker catalogue row carrying a Mallet p.c. 1986 oviposition note (RC:86-25) plus Freitas p.c. 1994 - p.c.-level, no embedded published primary. The ovipositio",
634,assoc_0634,literature,,"Needs-check reference audit (2026-06): Melinaea menophilus on Juanulloa: accepted Beccaloni marker, real Lamas 1985 citation, AND independent corroboration in the dataset's own supplement (record 11, McClure & Elias 2016, BMC Evol Biol 16:128 reporting M. menophilus uses Juanull",
637,assoc_0637,literature,,"Needs-check reference audit (2026-06): Biology is typical and non-anomalous: Melinaea mneme (Ithomiini) on Markea coccinea (Solanaceae, a listed Ithomiini host genus) -- NOT a Passifloraceae case, so no atypical flag applies. The cited primary source (Drummond & Brown 1987) is r",
641,assoc_0641,literature,,"Needs-check reference audit (2026-06): Methona is a classic Brunfelsia (Solanaceae) feeder, so the pairing is typical and contrasts correctly with the atypical Mechanitis-Brunfelsia rows. Record is a Beccaloni plausible-marker catalogue row backed by Freitas p.c. 1997 and Mallet",
642,assoc_0642,literature,,"Needs-check reference audit (2026-06): Methona confusa on Brunfelsia is the canonical Methona specialist pairing (and the supplement separately documents Methona confusa-group rearing on Brunfelsia), accepted marker + real Lamas 1985 citation = literature. Refute medium: this sp",
647,assoc_0647,literature,,"Needs-check reference audit (2026-06): Methona curvifascia on Brunfelsia is Beccaloni-DUBIOUS, but the dataset's own supplement (record 29, Hill & Tipan 2008) describes M. curvifascia immature stages reared on Brunfelsia grandiflora in eastern Ecuador with evidence_level 'direct",
653,assoc_0653,literature,,"Re-audit 2026-06-16 (corrected scope/captive rules): Methona themisto on Brunfelsia americana is typical, biologically plausible Solanaceae host use (rule 5), so needs_check is not warranted. Sole support is '[Hall, p.c., 1986 (Captive)]' — a personal communication, which per rule 2",
654,assoc_0654,literature,,"Needs-check reference audit (2026-06): Methona themisto on Brunfelsia (Solanaceae) is a classic, well-attested Ithomiini pairing. Beccaloni marker is the CLOSED circle (plausible/accepted, not dubious), backed by Drummond & Brown 1987 (authoritative checked larval foodplant comp",
658,assoc_0658,literature,,"Needs-check reference audit (2026-06): evidence_level 'literature' is correct and I retain it: Methona is a genuine Ithomiini Solanaceae feeder, Brunfelsia is a documented core host genus, and the record sits in Beccaloni et al. 2008, a real peer-reviewed catalogue. No Passiflor",
660,assoc_0660,literature,,Re-audit 2026-06-16 (corrected scope/captive rules): CONFIRM literature/low. Methona themisto on Solanum sp. Solanum is a canonical Ithomiini host genus and not aberrant (Rule 5); not grounds for needs_check. Two traceable embedded primary sources (Arruda & Arruda 1971; Fonseca & Am,
664,assoc_0664,,https://www.researchgate.net/profile/George-Beccaloni-2/publication/262099000_Catalogue_of_the_Hostplants_of_the_Neotropical_Butterflies_Catalogo_de_las_Plantas_Huesped_de_las_Mariposas_Neotropicales/links/5cc0d98a92851c8d2202f3f1/Catalogue-of-the-Hostplants-of-the-Neotropical-Butterflies-Catalogo-de-las-Plantas-Huesped-de-las-Mariposas-Neotropicales.pdf,,beccaloni-cabi-paywall->free-pdf
667,assoc_0667,,https://www.researchgate.net/profile/George-Beccaloni-2/publication/262099000_Catalogue_of_the_Hostplants_of_the_Neotropical_Butterflies_Catalogo_de_las_Plantas_Huesped_de_las_Mariposas_Neotropicales/links/5cc0d98a92851c8d2202f3f1/Catalogue-of-the-Hostplants-of-the-Neotropical-Butterflies-Catalogo-de-las-Plantas-Huesped-de-las-Mariposas-Neotropicales.pdf,,beccaloni-cabi-paywall->free-pdf
668,assoc_0668,literature,https://www.researchgate.net/profile/George-Beccaloni-2/publication/262099000_Catalogue_of_the_Hostplants_of_the_Neotropical_Butterflies_Catalogo_de_las_Plantas_Huesped_de_las_Mariposas_Neotropicales/links/5cc0d98a92851c8d2202f3f1/Catalogue-of-the-Hostplants-of-the-Neotropical-Butterflies-Catalogo-de-las-Plantas-Huesped-de-las-Mariposas-Neotropicales.pdf,"Needs-check reference audit (2026-06): Embedded primary is Beccaloni 1995 (ssp. corena, Ecuador) - a real, authoritative Ithomiine foodplant source, treated as genuine even though full text not retrieved here. Napeogenes on Solanum is typical. Because this is reported in that pu",beccaloni-cabi-paywall->free-pdf
670,assoc_0670,literature,,"Needs-check reference audit (2026-06): Hold literature/medium. Plausible (●) Beccaloni row, single D&B1987 cite (Costa Rica, ssp. amara). Lycianthes is a standard Ithomiini/Napeogenes host (Solanaceae). 'nr multiflora' qualifier caps species certainty, so medium not high. Catalo",
678,assoc_0678,,https://www.researchgate.net/profile/George-Beccaloni-2/publication/262099000_Catalogue_of_the_Hostplants_of_the_Neotropical_Butterflies_Catalogo_de_las_Plantas_Huesped_de_las_Mariposas_Neotropicales/links/5cc0d98a92851c8d2202f3f1/Catalogue-of-the-Hostplants-of-the-Neotropical-Butterflies-Catalogo-de-las-Plantas-Huesped-de-las-Mariposas-Neotropicales.pdf,,beccaloni-cabi-paywall->free-pdf
679,assoc_0679,literature,,"Needs-check reference audit (2026-06): Hold literature/medium. Plausible (●) row, single D&B1987 cite (Rondonia, Brazil). Solanum consistent with Oleria. 'nr chacoense' makes species ID tentative, hence medium. Catalogue-backed, not re-verified, literature is correct.",
683,assoc_0683,literature,,"Needs-check reference audit (2026-06): Oleria onega on Lycianthes: accepted marker (solid) + real Lamas 1985 citation supports literature, and Oleria on understory Solanaceae is taxonomically sound. Refute medium: broad-Neotropics catalogue scope, Lamas 1985 unretrievable per pr",
685,assoc_0685,literature,,"Needs-check reference audit (2026-06): Hold literature/medium. Plausible (●) Beccaloni row, single D&B1987 cite (Peru, ssp. agarista). Genus-level Solanum, plausible for Oleria onega. Not independently re-verified, so literature/medium. Solanaceae, no atypicality.",
686,assoc_0686,literature,,"Needs-check reference audit (2026-06): Hold literature/medium. Plausible (●) row, single D&B1987 cite (Ecuador, ssp. agarista). Solanum (sect. Micracantha) genus-level, plausible for Oleria onega. Catalogue-level only, not direct.",
687,assoc_0687,literature,,"Needs-check reference audit (2026-06): Confirmed source_refs = Mallet p.c. 1984 (RC: 84-23, a rearing code), genus-level Solanum. Oleria (Oleriina) on Solanum is textbook Solanaceae host use. Catalogue-mediated p.c. with no embedded primary publication, so literature/medium is t",
688,assoc_0688,literature,,"Needs-check reference audit (2026-06): Oleria onega on Solanum: accepted marker + real Lamas 1985 citation = literature; taxonomically canonical Solanaceae use. Refute medium: broad catalogue trail, source unretrievable, not re-verified; low. Worklist note of 4x key duplication ",
691,assoc_0691,literature,,"Needs-check reference audit (2026-06): Hold literature/medium. Plausible (●) row, single D&B1987 cite (Peru, ssp. crispinilla). Solanum fits Oleria onega; 'nr chacoense' tentative species ID caps at medium. Catalogue-backed, literature correct.",
711,assoc_0711,literature,,"Needs-check reference audit (2026-06): Association is taxonomically sound: Placidina euryanassa on Brugmansia suaveolens (Solanaceae) is a classic, well-documented southern-Brazil (Sao Paulo) ithomiine host system. No Passifloraceae issue. However, the first-pass 'direct' verdic",
723,assoc_0723,literature,,"Needs-check reference audit (2026-06): Mostly agree on literature but REFUTE the high confidence; set medium. Plausible (●) Beccaloni row, single D&B1987 cite (Ecuador), genus-level Cestrum. Cestrum is a classic Ithomiini host and good fit for Pseudoscada, supporting literature;",
724,assoc_0724,literature,,Needs-check reference audit (2026-06): Pseudoscada timna on Cestrum (Solanaceae) is plausible Godyridina host use; accepted marker + real Lamas 1985 citation = literature. Refute medium: broad-Neotropics catalogue scope and unretrievable Lamas 1985; no independent corroboration ,
726,assoc_0726,literature,,"Needs-check reference audit (2026-06): Pteronymia on Solanum is typical Ithomiini biology. source_refs = 'Venezuela: [Brown & Freitas, 1994 (ssp. aletta)]' — single real authoritative primary record. Host resolved only to genus/section (Solanum sect. Geminata, host_taxon_rank=ge",
732,assoc_0732,literature,,"Needs-check reference audit (2026-06): Pteronymia artena on Solanum (sect. Geminata), Venezuela, sourced to D&B 1987 (ssp. beebei) embedded in Beccaloni 2008 catalogue. Real authoritative primary source reached via peer-reviewed compilation but not re-verified here, and plant is",
734,assoc_0734,literature,,"Needs-check reference audit (2026-06): source_refs = Knapp, In press (Sandra Knapp, Solanaceae botanist) for the plant determination, via Beccaloni catalogue. Pteronymia on Solanum aphyodendron is typical. Catalogue-mediated, 'in press' untraceable but a real authority, so liter",
740,assoc_0740,literature,,"Needs-check reference audit (2026-06): source_refs = Freitas p.c. 1994 (Brazil ES), host 'Solanum nr pseudoquina'. Pteronymia on Solanum plausible; imprecise host ID and p.c.-only via catalogue. literature/medium correct; avoid exact species overlay. First-pass holds.",
744,assoc_0744,literature,,"Needs-check reference audit (2026-06): Pteronymia latilla on Solanum nr ripense, Venezuela. source_refs is D&B 1987 only; the stored evidence_basis 'Costa 1999' and confidence:high are a template mismatch and should be disregarded. Tentative 'nr ripense' ID + catalogue-mediated,",
756,assoc_0756,literature,,"Needs-check reference audit (2026-06): Pteronymia simplex on Solanum spp. (sect. Geminata) genus-level, Costa Rica, D&B 1987 (ssp. simplex) via Beccaloni 2008. Textbook Ithomiini host; genus-level overlay and unverified catalogue-mediated primary cap it at 'literature'/medium. N",
778,assoc_0778,literature,,"Needs-check reference audit (2026-06): source_refs = Salazar p.c. 1997 (Colombia), host Cuatresia riparia. Cuatresia is a legitimate Solanaceae Ithomiini host; Pteronymia veia pairing plausible. p.c.-only via catalogue, so literature/medium not direct. First-pass holds. Caveat: ",
781,assoc_0781,literature,,"Needs-check reference audit (2026-06): Pteronymia vestilla on Solanum nr nudum, Ecuador, D&B 1987 (ssp. sparsa) via Beccaloni 2008. Record stores confidence:high but it is catalogue-mediated, not independently re-checked, with tentative 'nr nudum' ID; caveat itself says verify b",
783,assoc_0783,literature,,"Needs-check reference audit (2026-06): Sais rosalia on Lycianthes sp. (genus), Brazil, D&B 1987 (ssp. brasiliensis). OCR typo 'Go Drummond & Brown' does not break traceability. Note a template inconsistency: evidence_detail says 'broad Lamas-only Neotropics trail' which conflict",
784,assoc_0784,literature,,"Needs-check reference audit (2026-06): Sais rosalia on Lycianthes (understory Solanaceae) is plausible for Oleriina; accepted marker + real Lamas 1985 citation = literature. Refute medium: broad catalogue-level Neotropics trail, source unretrievable, not independently verified. ",
785,assoc_0785,literature,,"Needs-check reference audit (2026-06): source_refs = Freitas p.c. 1994 (Brazil ES), host 'Solanum nr pseudoquina'. Scada (Mechanitina) on Solanum typical; imprecise host ID, p.c.-only via catalogue. literature/medium correct; avoid exact species overlay. First-pass holds.",
791,assoc_0791,literature,,"Needs-check reference audit (2026-06): source_refs = Freitas p.c. 1996 + Mallet p.c. 1980 (RC: 28, rearing code), genus-level Cyphomandra (= Solanum betaceum group). Thyridia psidii is a well-documented Cyphomandra feeder; two independent p.c. records. Catalogue-mediated p.c. on",
792,assoc_0792,literature,,"Needs-check reference audit (2026-06): Thyridia psidii (Ithomiini) on Cyphomandra (a Solanum segregate, Solanaceae) is a known and plausible association. Beccaloni 2008 catalogue row with Brown 1992a (ssp. cetoides) and Lamas 1985 embedded, not independently verified; genus-leve",
804,assoc_0804,literature,,Needs-check reference audit (2026-06): Tithorea harmonia on Mesechites (Apocynaceae) is taxonomically correct: Tithorea is the canonical Apocynaceae-feeding ithomiine and Mesechites is a documented genus. Accepted marker + real Lamas 1985 citation = literature. Refute medium: br,
807,assoc_0807,literature,,"Needs-check reference audit (2026-06): Tithorea harmonia on Prestonia (Apocynaceae): Tithorea is the Apocynaceae-feeding ithomiine clade and Prestonia is a classic, well-documented Tithorea host — fully consistent, not Passifloraceae and not atypical. Source trail names real aut",
808,assoc_0808,literature,,Needs-check reference audit (2026-06): Tithorea harmonia on Prestonia (Apocynaceae) is well-supported taxonomically (Tithorea is a classic Apocynaceae feeder; Prestonia is a documented host genus). Accepted marker + real Lamas 1985 citation = literature. Refute medium: this row',
811,assoc_0811,literature,,"Needs-check reference audit (2026-06): source_refs = Muyshondt et al. 1976 + Muyshondt p.c. 1999, ssp. salvadoris, host Prestonia nr portobellensis (Apocynaceae). Tithorea (Tithoreina) on Apocynaceae/Prestonia is the expected host use, and Muyshondt et al. 1976 is a real publish",
812,assoc_0812,,https://www.researchgate.net/profile/George-Beccaloni-2/publication/262099000_Catalogue_of_the_Hostplants_of_the_Neotropical_Butterflies_Catalogo_de_las_Plantas_Huesped_de_las_Mariposas_Neotropicales/links/5cc0d98a92851c8d2202f3f1/Catalogue-of-the-Hostplants-of-the-Neotropical-Butterflies-Catalogo-de-las-Plantas-Huesped-de-las-Mariposas-Neotropicales.pdf,,beccaloni-cabi-paywall->free-pdf
813,assoc_0813,,https://www.researchgate.net/profile/George-Beccaloni-2/publication/262099000_Catalogue_of_the_Hostplants_of_the_Neotropical_Butterflies_Catalogo_de_las_Plantas_Huesped_de_las_Mariposas_Neotropicales/links/5cc0d98a92851c8d2202f3f1/Catalogue-of-the-Hostplants-of-the-Neotropical-Butterflies-Catalogo-de-las-Plantas-Huesped-de-las-Mariposas-Neotropicales.pdf,,beccaloni-cabi-paywall->free-pdf
814,assoc_0814,,https://www.researchgate.net/profile/George-Beccaloni-2/publication/262099000_Catalogue_of_the_Hostplants_of_the_Neotropical_Butterflies_Catalogo_de_las_Plantas_Huesped_de_las_Mariposas_Neotropicales/links/5cc0d98a92851c8d2202f3f1/Catalogue-of-the-Hostplants-of-the-Neotropical-Butterflies-Catalogo-de-las-Plantas-Huesped-de-las-Mariposas-Neotropicales.pdf,,beccaloni-cabi-paywall->free-pdf
817,assoc_0817,literature,,"Needs-check reference audit (2026-06): source_refs = Muyshondt et al. 1976 + Muyshondt p.c. 1999, ssp. duenna, host Prestonia nr portobellensis (Apocynaceae). Tithorea tarricina on Prestonia is expected Tithoreina host use; Muyshondt et al. 1976 is a genuine published reared stu",
819,assoc_0819,literature,,"Needs-check reference audit (2026-06): Dircenna dero on Solanum scuticum is canonical Ithomiini Solanaceae feeding; no Passifloraceae issue. Record carries r/f flags (reared, first record) in Costa 1999 Table 1, a real published primary source. However the only retrievable prove",
820,assoc_0820,literature,,"Needs-check reference audit (2026-06): Hypothyris ninonia on Solanum cernuum is a plausible canonical Solanaceae pairing; no atypical-family flag. Sourced to Costa 1999 Table 1 (legitimate primary), but data link/source_checked resolve only to Beccaloni 2008 catalogue, and evide",
823,assoc_0823,literature,,"Needs-check reference audit (2026-06): Hypothyris ninonia on Solanum leucodendron is plausible Solanaceae feeding. Confirmed in the data that evidence_type explicitly states 'feeding marks presumed' (p-flag) rather than reared/oviposition, so this is weaker even within Costa 199",
826,assoc_0826,literature,,"Needs-check reference audit (2026-06): Mechanitis lysimnia on Solanum lycocarpum is a classic Mechanitis/Solanum association; biologically strong, no Passifloraceae concern. Costa 1999 Table 1 row carries first-record/reared flags. Primary source real but only the Beccaloni 2008",
827,assoc_0827,literature,,"Needs-check reference audit (2026-06): Mechanitis lysimnia on spiny Solanum palinacanthum is typical and plausible; no atypical-family flag. Reared/first-record row in Costa 1999 Table 1 (legitimate primary), but provenance retrievable in data is the Beccaloni 2008 catalogue and",
834,assoc_0834,literature,,Needs-check reference audit (2026-06): Pteronymia carlia on Solanum mauritianum is canonical Ithomiini Solanaceae feeding; no Passifloraceae issue. evidence_type confirms 'reared' in Costa 1999 Table 1. Primary source is real and authoritative but was not retrieved/re-verified h,
845,assoc_0845,direct,https://images.peabody.yale.edu/lepsoc/jls/2000s/2006/2006(4)203-Hill.pdf,"Needs-check reference audit (2026-06): Verified against Hill 2006 primary text (Yale LepSoc PDF). Paper reports F. olivencia eggs laid on S. monarchostemon (singly/pairs/clusters), larval feeding, oviposition observed, and reared females; host vouchers deposited at Herbario Naci",hill2006-yale
846,assoc_0846,literature,,"Needs-check reference audit (2026-06): Verified: Hill 2006 states 'Elias and Willmott (pers. comm.) observed F. olivencia using Solanum thelopodi[u]m Sendtn., in addition to S. monarchostemon, south of the Rio Napo near Añangu.' This is an observational personal communication re",
847,assoc_0847,,https://dash.harvard.edu/server/api/core/bitstreams/3f60bee7-be2f-486a-8a86-102bfdfa1244/content,,hill2012-dash
849,assoc_0849,,https://doi.org/10.17533/udea.acbi.14326,,muriel2011-doi
850,assoc_0850,direct,https://doi.org/10.17533/udea.acbi.14326,"Needs-check reference audit (2026-06): Muriel et al. 2011 (Actualidades Biologicas 33(95), Table 3) is a real published primary that field-collected immature stages and reared them in the lab - that is explicit rearing evidence, not a catalogue echo. Mechanitis menapis on Solanu",muriel2011-doi
851,assoc_0851,,https://doi.org/10.17533/udea.acbi.14326,,muriel2011-doi
852,assoc_0852,literature,https://doi.org/10.17533/udea.acbi.14326,"Needs-check reference audit (2026-06): Confirmed: source_citation is 'Muriel et al. 2011, Actualidades Biologicas 33(95):275-285, Table 3'; 'Isabel 1830' is the same locality artifact (Finca Santa Isabel, 1830 m). First-pass attribution correct. Pteronymia latilla on Solanum def",muriel2011-doi
853,assoc_0853,direct,https://doi.org/10.17533/udea.acbi.14326,"Needs-check reference audit (2026-06): Confirmed: cites Muriel et al. 2011 Actualidades Biologicas 33(95) Table 3, field-collected immatures reared in lab (Fredonia, Antioquia, Colombia) - genuine direct rearing from a real primary source (no Beccaloni marker; this is NOT a cata",muriel2011-doi
854,assoc_0854,,https://doi.org/10.17533/udea.acbi.14326,,muriel2011-doi
855,assoc_0855,,https://doi.org/10.17533/udea.acbi.14326,,muriel2011-doi
856,assoc_0856,direct,https://doi.org/10.17533/udea.acbi.14326,"Needs-check reference audit (2026-06): Muriel et al. 2011 reared field-collected immatures of M. menapis on Solanum rudepannum (=S. torvum), and the record is independently corroborated by Constantino-Chuaire 1996 for Colombia. Solanum is textbook for Mechanitis. Explicit rearin",muriel2011-doi
857,assoc_0857,literature,https://doi.org/10.17533/udea.acbi.14326,"Needs-check reference audit (2026-06): Confirmed in record: source_citation is 'Muriel et al. 2011, Actualidades Biologicas 33(95):275-285, Table 3'; 'Isabel 1830' is a locality artifact (Finca Santa Isabel, 1830 m, Fredonia, Antioquia, Colombia) per source_refs, NOT a publicati",muriel2011-doi
858,assoc_0858,literature,https://doi.org/10.17533/udea.acbi.14326,"Needs-check reference audit (2026-06): True Ithomiini (Hypoleria ocalea) on Cestrum sp. (Solanaceae) - classic, correct host. source_citation is Muriel et al. 2011 (Actualidades Biologicas 33(95), Table 3), a real published record of field-collected immatures reared in lab - a g",muriel2011-doi
865,assoc_0865,direct,,"Needs-check reference audit (2026-06): Hill et al. 2012 field host record (5/50) of M. messenoides on Solanum cf. sessiliflorum. Direct field larval association; cf. denotes plant-ID uncertainty only, handled by unresolved-species retention and no exact overlay. Typical Solanum ",
866,assoc_0866,direct,,"Needs-check reference audit (2026-06): Hill et al. 2012 field host record (2/50) of M. messenoides on Solanum cf. cacosmum. The butterfly-plant feeding association is directly observed in the field; the cf. flags only plant-ID uncertainty, which is correctly handled by retaining",
867,assoc_0867,direct,,Needs-check reference audit (2026-06): Hill et al. 2012 (Biol. J. Linn. Soc. 106:540-560) is a real field study of Mechanitis host use; records are larvae found on plants in the field = observed larval feeding (direct association evidence). Mechanitis on Solanum is typical. Evid,
868,assoc_0868,direct,,Needs-check reference audit (2026-06): Hill et al. 2012 field record (17/50) of M. messenoides on the unresolved naranjilla-like Solanum category; field larval host association is direct. Mechanitis on Solanum typical. Keep host genus-level (do not convert to S. quitoense/candid,
870,assoc_0870,literature,https://www.researchgate.net/profile/George-Beccaloni-2/publication/262099000_Catalogue_of_the_Hostplants_of_the_Neotropical_Butterflies_Catalogo_de_las_Plantas_Huesped_de_las_Mariposas_Neotropicales/links/5cc0d98a92851c8d2202f3f1/Catalogue-of-the-Hostplants-of-the-Neotropical-Butterflies-Catalogo-de-las-Plantas-Huesped-de-las-Mariposas-Neotropicales.pdf,"Needs-check reference audit (2026-06): Upheld. Same Fassl 1912 (Ovip.) Beccaloni-catalogue row remapped to M. messenoides; the source_refs explicitly name 'ssp. messenoides,' so this remap is taxonomically MORE faithful than leaving it on M. mazaeus (it reduces, not increases, a",beccaloni-cabi-paywall->free-pdf
