id,butterfly_taxon,host,publication,taxonomic_plausibility,supports_association,recommended_evidence_level,final_evidence_level,final_confidence,flags,adversarial_agree,justification
assoc_0006,Aeria eurimedia,Prestonia nr portobellensis (Apocynaceae),"Beccaloni et al. 2008, Catalogue of the Hostplants of the Neotropical Butterflies / Catálogo de las Plantas Huésped de las Mariposas Neotropicales (Monografías Tercer Milenio, SEA/RIBES-CYTED/NHM)",plausible,supports,literature,literature,medium,embedded-primary-pers-comm; oviposition-record; host-name-imprecise-nr,True,"Aeria is a known Apocynaceae-feeding ithomiine genus; Prestonia plausible. Embedded Haber oviposition + Muyshondt p.c., but catalogue-level and host ID is 'nr' so genus-only certainty."
assoc_0021,Ceratinia neso,Solanum sp. (Solanaceae),"Beccaloni et al. 2008, Catalogue of the Hostplants of the Neotropical Butterflies / Catálogo de las Plantas Huésped de las Mariposas Neotropicales (Monografías Tercer Milenio, SEA/RIBES-CYTED/NHM)",plausible,supports,literature,literature,medium,embedded-primary-pers-comm; host-genus-only,True,Ceratinia is a Solanaceae feeder; Solanum plausible. Embedded Freitas p.c. (Brazil) supports it at catalogue level; host only to genus.
assoc_0026,Ceratinia tutia,Solanum sp. (Solanaceae),"Beccaloni et al. 2008, Catalogue of the Hostplants of the Neotropical Butterflies / Catálogo de las Plantas Huésped de las Mariposas Neotropicales (Monografías Tercer Milenio, SEA/RIBES-CYTED/NHM)",plausible,supports,literature,literature,medium,embedded-primary-pers-comm; host-genus-only,True,"Ceratinia tutia on Solanum is taxonomically typical for Ithomiini. Freitas p.c. catalogue record; genus-level host only, so medium confidence."
assoc_0853,Ceratinia tutia,Solanum aphyodendron (=S. nudum) (Solanaceae),"Beccaloni et al. 2008, Catalogue of the Hostplants of the Neotropical Butterflies / Catálogo de las Plantas Huésped de las Mariposas Neotropicales (Monografías Tercer Milenio, SEA/RIBES-CYTED/NHM)",plausible,supports,direct,direct,high,primary-source-muriel-2011; reared-immatures; doi-url-mismatch,True,"Cites Muriel et al. 2011 (field-collected immatures reared, Colombia, Table 3) = direct rearing; Solanum typical for Ceratinia. doi_or_url wrongly points to Beccaloni but citation is a real primary."
assoc_0037,Dircenna dero,Brunfelsia australis (Solanaceae),"Beccaloni et al. 2008, Catalogue of the Hostplants of the Neotropical Butterflies / Catálogo de las Plantas Huésped de las Mariposas Neotropicales (Monografías Tercer Milenio, SEA/RIBES-CYTED/NHM)",plausible,plausible_uncertain,needs_check,needs_check,low,beccaloni-dubious-marker; old-record-biezanko; uruguay-edge-of-range,True,"Dircenna on Brunfelsia (Solanaceae) is taxonomically plausible, but Beccaloni flags as dubious; Biezanko et al. 1974b old Uruguay record. Keep needs_check."
assoc_0038,Dircenna dero,Brunfelsia pauciflora (Solanaceae),"Beccaloni et al. 2008, Catalogue of the Hostplants of the Neotropical Butterflies / Catálogo de las Plantas Huésped de las Mariposas Neotropicales (Monografías Tercer Milenio, SEA/RIBES-CYTED/NHM)",plausible,plausible_uncertain,needs_check,needs_check,low,beccaloni-dubious-marker; old-record-biezanko; duplicate-key,True,Plausible Solanaceae pairing but catalogue marks dubious; Biezanko et al. 1957 old Uruguay record. Lower the inflated 'medium' confidence; treat as needs_check.
assoc_0039,Dircenna dero,Brunfelsia uniflora (Solanaceae),"Beccaloni et al. 2008, Catalogue of the Hostplants of the Neotropical Butterflies / Catálogo de las Plantas Huésped de las Mariposas Neotropicales (Monografías Tercer Milenio, SEA/RIBES-CYTED/NHM)",plausible,plausible_uncertain,needs_check,needs_check,low,beccaloni-dubious-marker; old-record-silva-1968; duplicate-key,True,"Dircenna on Brunfelsia plausible taxonomically, but Silva et al. 1968 record is catalogue-dubious; keep needs_check, low confidence."
assoc_0091,Dryas iulia,Passiflora capsularis (Passifloraceae),"Beccaloni et al. 2008, Catalogue of the Hostplants of the Neotropical Butterflies / Catálogo de las Plantas Huésped de las Mariposas Neotropicales (Monografías Tercer Milenio, SEA/RIBES-CYTED/NHM)",plausible,plausible_uncertain,needs_check,literature,medium,,True,"Dryas iulia is a HELICONIINE, not Ithomiini; Passiflora is its correct host (biologically plausible) but out-of-scope and Beccaloni flags dubious (Benson et al. 1976)."
assoc_0117,Dryas iulia,Passiflora quadrangularis (Passifloraceae),"Beccaloni et al. 2008, Catalogue of the Hostplants of the Neotropical Butterflies / Catálogo de las Plantas Huésped de las Mariposas Neotropicales (Monografías Tercer Milenio, SEA/RIBES-CYTED/NHM)",plausible,plausible_uncertain,needs_check,literature,medium,,True,"Heliconiine Dryas iulia on Passiflora is biologically correct but non-Ithomiini and catalogue-dubious (Benson et al. 1976, S Brazil); flag Passifloraceae and keep needs_check."
assoc_0150,Episcada hymenaea,Brunfelsia pauciflora (Solanaceae),"Beccaloni et al. 2008, Catalogue of the Hostplants of the Neotropical Butterflies / Catálogo de las Plantas Huésped de las Mariposas Neotropicales (Monografías Tercer Milenio, SEA/RIBES-CYTED/NHM)",plausible,plausible_uncertain,needs_check,needs_check,low,beccaloni-dubious-marker; old-record-biezanko; notes-source-mismatch; confidence-inflated-in-record,True,"Episcada (Ithomiini) on Brunfelsia is plausible, but record is Biezanko 1957 catalogue-dubious; record's 'high' confidence and Drummond&Brown note are mismatched with actual source. Downgrade."
assoc_0151,Episcada hymenaea,Brunfelsia uniflora (Solanaceae),"Beccaloni et al. 2008, Catalogue of the Hostplants of the Neotropical Butterflies / Catálogo de las Plantas Huésped de las Mariposas Neotropicales (Monografías Tercer Milenio, SEA/RIBES-CYTED/NHM)",plausible,plausible_uncertain,needs_check,needs_check,low,beccaloni-dubious-marker; old-record-silva-1968; notes-source-mismatch; confidence-inflated-in-record,True,Plausible Solanaceae pairing but Silva et al. 1968 catalogue-dubious; record 'high' confidence and D&B note do not match cited source. Downgrade to needs_check/low.
assoc_0194,Godyris zavaleta,Cestrum nr nocturnum (Solanaceae),"Beccaloni et al. 2008, Catalogue of the Hostplants of the Neotropical Butterflies / Catálogo de las Plantas Huésped de las Mariposas Neotropicales (Monografías Tercer Milenio, SEA/RIBES-CYTED/NHM)",plausible,supports,literature,literature,medium,embedded-primary-pers-comm; oviposition-record; host-name-imprecise-nr,True,"Godyris on Cestrum (Solanaceae) is taxonomically typical; embedded Haber oviposition records (Costa Rica) support it at catalogue level, but host ID is 'nr' so species display uncertain."
assoc_0236,Heliconius erato,Passiflora auriculata (Passifloraceae),"Beccaloni et al. 2008, Catalogue of the Hostplants of the Neotropical Butterflies / Catálogo de las Plantas Huésped de las Mariposas Neotropicales (Monografías Tercer Milenio, SEA/RIBES-CYTED/NHM)",plausible,plausible_uncertain,needs_check,literature,medium,,True,"Heliconius erato is a HELICONIINE; Passiflora is its correct host so biologically plausible, but out-of-scope for Ithomiini and Beccaloni-dubious (Benson 1976, Bolivia)."
assoc_0244,Heliconius erato,Passiflora coriacea (Passifloraceae),"Beccaloni et al. 2008, Catalogue of the Hostplants of the Neotropical Butterflies / Catálogo de las Plantas Huésped de las Mariposas Neotropicales (Monografías Tercer Milenio, SEA/RIBES-CYTED/NHM)",plausible,plausible_uncertain,needs_check,literature,medium,,True,"Heliconiine H. erato on Passiflora is correct biology but non-Ithomiini and catalogue-dubious (Benson 1976, Colombia); flag Passifloraceae, keep needs_check."
assoc_0261,Heliconius erato,Passiflora morifolia (Passifloraceae),"Beccaloni et al. 2008, Catalogue of the Hostplants of the Neotropical Butterflies / Catálogo de las Plantas Huésped de las Mariposas Neotropicales (Monografías Tercer Milenio, SEA/RIBES-CYTED/NHM)",plausible,plausible_uncertain,needs_check,literature,medium,,True,"H. erato (heliconiine) on Passiflora morifolia is biologically correct but out-of-scope for Ithomiini and Beccaloni-dubious (Benson 1976, SE Brazil)."
assoc_0293,Heliconius numata,Passiflora sp. (Passifloraceae),"Beccaloni et al. 2008, Catalogue of the Hostplants of the Neotropical Butterflies / Catálogo de las Plantas Huésped de las Mariposas Neotropicales (Monografías Tercer Milenio, SEA/RIBES-CYTED/NHM)",plausible,plausible_uncertain,literature,literature,low,host-genus-only,True,"Heliconius numata is a heliconiine; Passiflora is its correct host (plausible biology) but non-Ithomiini. Silva et al. 1968 catalogue record, genus-only; flag Passifloraceae."
assoc_0301,Heliconius numata,Passiflora bahiensis (Passifloraceae),"Beccaloni et al. 2008, Catalogue of the Hostplants of the Neotropical Butterflies / Catalogo de las Plantas Huesped de las Mariposas Neotropicales (no embedded primary)",plausible,plausible_uncertain,needs_check,literature,medium,,True,"Heliconius (heliconiine, not Ithomiini); Passiflora is correct host but Beccaloni flags this row dubious via Benson et al. 1976; keep needs_check."
assoc_0296,Heliconius numata,Passiflora nr acuminata (Passifloraceae),"Beccaloni et al. 2008, Catalogue of the Hostplants of the Neotropical Butterflies / Catalogo de las Plantas Huesped de las Mariposas Neotropicales (no embedded primary)",plausible,plausible_uncertain,literature,literature,low,near-species-id,True,Heliconius on Passiflora (correct host); Benson et al. 1976 supports genus-level use; 'nr acuminata' uncertain so no exact species claim.
assoc_0299,Heliconius numata,Passiflora nr ambigua (Passifloraceae),"Beccaloni et al. 2008, Catalogue of the Hostplants of the Neotropical Butterflies / Catalogo de las Plantas Huesped de las Mariposas Neotropicales (no embedded primary)",plausible,plausible_uncertain,literature,literature,low,near-species-id; personal-communication-source,True,Heliconius on Passiflora (correct host); Mallet p.c. 1982 rearing-collection ref credible but catalogue-relayed; 'nr ambigua' uncertain.
assoc_0316,Heliconius numata,Passiflora nr nitida (Passifloraceae),"Beccaloni et al. 2008, Catalogue of the Hostplants of the Neotropical Butterflies / Catalogo de las Plantas Huesped de las Mariposas Neotropicales (no embedded primary)",plausible,plausible_uncertain,literature,literature,low,near-species-id,True,Heliconius on Passiflora (correct host); Benson et al. 1976 supports genus-level use; 'nr nitida' precludes species-level confidence despite source's high tag.
assoc_0322,Heliconius numata,Passiflora nr riparia (Passifloraceae),"Beccaloni et al. 2008, Catalogue of the Hostplants of the Neotropical Butterflies / Catalogo de las Plantas Huesped de las Mariposas Neotropicales (no embedded primary)",plausible,plausible_uncertain,literature,literature,low,near-species-id,True,Heliconius on Passiflora (correct host); Benson et al. 1976 SW Brazil; 'nr riparia' uncertain so genus-level only.
assoc_0287,Heliconius numata,Passiflora nr spinosa (Passifloraceae),"Beccaloni et al. 2008, Catalogue of the Hostplants of the Neotropical Butterflies / Catalogo de las Plantas Huesped de las Mariposas Neotropicales (no embedded primary)",plausible,plausible_uncertain,literature,literature,low,near-species-id; oviposition-record; personal-communication-source,True,Heliconius on Passiflora (correct host); Mallet p.c. 1986 oviposition is direct host-use but catalogue-relayed; 'nr spinosa' uncertain.
assoc_0318,Heliconius numata,Passiflora oerstedii (Passifloraceae),"Beccaloni et al. 2008, Catalogue of the Hostplants of the Neotropical Butterflies / Catalogo de las Plantas Huesped de las Mariposas Neotropicales (no embedded primary)",plausible,plausible_uncertain,needs_check,literature,medium,,True,Heliconius on Passiflora (correct host) but Beccaloni marks this Benson et al. 1976 Venezuela row dubious; keep needs_check.
assoc_0327,Heliconius numata,Passiflora vitifolia (Passifloraceae),"Beccaloni et al. 2008, Catalogue of the Hostplants of the Neotropical Butterflies / Catalogo de las Plantas Huesped de las Mariposas Neotropicales (no embedded primary)",plausible,plausible_uncertain,needs_check,literature,medium,,True,Heliconius on Passiflora (correct host) but Beccaloni marks this Benson et al. 1976 Colombia row dubious; keep needs_check.
assoc_0339,Heliconius sara,Passiflora coriacea (Passifloraceae),"Beccaloni et al. 2008, Catalogue of the Hostplants of the Neotropical Butterflies / Catalogo de las Plantas Huesped de las Mariposas Neotropicales (no embedded primary)",plausible,plausible_uncertain,needs_check,literature,low,heliconiine_passiflora_in_scope; personal_communication_literature_only; not_needs_check; captive,True,Heliconius sara on Passiflora (correct host); Hall p.c. 1992 captive-only and Beccaloni-dubious; captive feeding not wild host; keep needs_check.
assoc_0346,Heliconius sara,Passiflora mucronata (Passifloraceae),"Beccaloni et al. 2008, Catalogue of the Hostplants of the Neotropical Butterflies / Catalogo de las Plantas Huesped de las Mariposas Neotropicales (no embedded primary)",plausible,plausible_uncertain,needs_check,literature,medium,,True,Heliconius sara on Passiflora (correct host) but Beccaloni marks this Benson et al. 1976 SE Brazil row dubious; keep needs_check.
assoc_0349,Heliconius sara,Passiflora nr rhamnifolia (Passifloraceae),"Beccaloni et al. 2008, Catalogue of the Hostplants of the Neotropical Butterflies / Catalogo de las Plantas Huesped de las Mariposas Neotropicales (no embedded primary)",plausible,plausible_uncertain,literature,literature,low,near-species-id,True,Heliconius sara on Passiflora (correct host); Benson et al. 1976 supports genus-level use; 'nr rhamnifolia' uncertain so no species claim.
assoc_0353,Heliconius sara,Passiflora spinosa (Passifloraceae),"Beccaloni et al. 2008, Catalogue of the Hostplants of the Neotropical Butterflies / Catalogo de las Plantas Huesped de las Mariposas Neotropicales (no embedded primary)",plausible,plausible_uncertain,needs_check,literature,medium,,True,Heliconius sara on Passiflora (correct host) but Beccaloni marks this Benson et al. 1976 SW Brazil row dubious; keep needs_check.
assoc_0355,Heliconius sara,Passiflora suberosa (Passifloraceae),"Beccaloni et al. 2008, Catalogue of the Hostplants of the Neotropical Butterflies / Catalogo de las Plantas Huesped de las Mariposas Neotropicales (no embedded primary)",plausible,plausible_uncertain,needs_check,literature,medium,,True,Heliconius sara on Passiflora suberosa (a known heliconiine host) but Beccaloni marks this Benson et al. 1976 SE Brazil row dubious; keep needs_check.
assoc_0356,Heliconius sara,Passiflora truncata (Passifloraceae),"Beccaloni et al. 2008, Catalogue of the Hostplants of the Neotropical Butterflies / Catalogo de las Plantas Huesped de las Mariposas Neotropicales (no embedded primary)",plausible,plausible_uncertain,needs_check,literature,medium,,True,Heliconius sara on Passiflora (correct host) but Beccaloni marks this Benson et al. 1976 SE Brazil row dubious; keep needs_check.
assoc_0858,Hypoleria ocalea,Cestrum sp. (Solanaceae),"Beccaloni et al. 2008, Catalogue of the Hostplants of the Neotropical Butterflies / Catalogo de las Plantas Huesped de las Mariposas Neotropicales (no embedded primary)",plausible,supports,literature,literature,high,genus-level-host; reared-immatures; embedded-primary-not-beccaloni,True,"True Ithomiini on Cestrum (Solanaceae) - classic host; reared from field-collected immatures, Muriel et al. 2011 Colombia (not Beccaloni-only); strong record."
assoc_0437,Ithomia agnosia,Physalis nr peruviana (Solanaceae),"Beccaloni et al. 2008, Catalogue of the Hostplants of the Neotropical Butterflies / Catalogo de las Plantas Huesped de las Mariposas Neotropicales (no embedded primary)",plausible,supports,literature,literature,medium,near-species-id; embedded-primary-beccaloni-1995,True,True Ithomiini (Ithomia) on Physalis/Solanaceae - typical host; Beccaloni 1995 Ecuador primary; 'nr peruviana' caps to genus-level confidence.
assoc_0463,Ithomia lichyi,Aureliana sp. (Solanaceae),"Beccaloni et al. 2008, Catalogue of the Hostplants of the Neotropical Butterflies / Catalogo de las Plantas Huesped de las Mariposas Neotropicales",plausible,plausible_uncertain,literature,literature,medium,catalogue-only; embedded-personal-communication; genus-level-host,True,"Ithomia on Solanaceae (Aureliana) is typical; Beccaloni catalogue row backed by Freitas p.c. 1990 (SP, Brazil). Catalogue-level literature, genus-only."
assoc_0492,Mechanitis lysimnia,Brunfelsia uniflora (Solanaceae),"Beccaloni et al. 2008, Catalogue of the Hostplants of the Neotropical Butterflies / Catalogo de las Plantas Huesped de las Mariposas Neotropicales",atypical,plausible_uncertain,needs_check,literature,low,legit-solanaceae-genus-brunfelsia; beccaloni-open-circle-plausible-not-wrong; traceable-primary-source-silva-1968; catalogue-mediated-not-direct; confidence-downgraded-from-stored-high,True,"Beccaloni flags this dubious; Silva et al. 1968 old source. Mechanitis normally on Solanum-group, not Brunfelsia; keep needs_check."
assoc_0850,Mechanitis menapis,Solanum atropurpureum (Solanaceae),"Beccaloni et al. 2008, Catalogue of the Hostplants of the Neotropical Butterflies / Catalogo de las Plantas Huesped de las Mariposas Neotropicales",plausible,supports,direct,direct,high,reared-immatures; new-host-record; not-beccaloni-sourced,True,Muriel et al. 2011 reared field-collected immatures; new host record. Mechanitis on Solanum is textbook. Direct rearing evidence.
assoc_0856,Mechanitis menapis,Solanum rudepannum (=S. torvum) (Solanaceae),"Beccaloni et al. 2008, Catalogue of the Hostplants of the Neotropical Butterflies / Catalogo de las Plantas Huesped de las Mariposas Neotropicales",plausible,supports,direct,direct,high,reared-immatures; corroborated-Constantino1996; synonymy-per-source; not-beccaloni-sourced,True,"Muriel et al. 2011 reared immatures; also reported by Constantino 1996. Mechanitis on Solanum typical. Direct rearing, corroborated."
assoc_0867,Mechanitis messenoides,"naranjilla-like Solanum (genus, unresolved)","Beccaloni et al. 2008, Catalogue of the Hostplants of the Neotropical Butterflies / Catalogo de las Plantas Huesped de las Mariposas Neotropicales",plausible,supports,direct,direct,medium,field-host-record; unresolved-common-name-category; genus-level-host; do-not-convert-to-exact-species; not-beccaloni-sourced,True,Hill et al. 2012 field host record; Mechanitis on Solanum typical. Direct but plant only to naranjilla-like Solanum category; keep genus-level.
assoc_0868,Mechanitis messenoides,"naranjilla-like Solanum seedling (genus, unresolved)","Beccaloni et al. 2008, Catalogue of the Hostplants of the Neotropical Butterflies / Catalogo de las Plantas Huesped de las Mariposas Neotropicales",plausible,supports,direct,direct,medium,field-host-record; unresolved-common-name-category; genus-level-host; do-not-convert-to-exact-species; not-beccaloni-sourced,True,"Hill et al. 2012 field record (17/50); Mechanitis on Solanum typical. Direct, but unresolved naranjilla-Solanum category; keep genus-level."
assoc_0866,Mechanitis messenoides,Solanum cf. cacosmum (Solanaceae),"Beccaloni et al. 2008, Catalogue of the Hostplants of the Neotropical Butterflies / Catalogo de las Plantas Huesped de las Mariposas Neotropicales",plausible,supports,direct,direct,medium,field-host-record; cf-uncertain-plant-id; do-not-convert-to-exact-species; not-beccaloni-sourced,True,"Hill et al. 2012 field record; Mechanitis on Solanum typical. Direct but plant cf.-level; retain as uncertain species, no exact overlay."
assoc_0865,Mechanitis messenoides,Solanum cf. sessiliflorum (Solanaceae),"Beccaloni et al. 2008, Catalogue of the Hostplants of the Neotropical Butterflies / Catalogo de las Plantas Huesped de las Mariposas Neotropicales",plausible,supports,direct,direct,medium,field-host-record; cf-uncertain-plant-id; do-not-convert-to-exact-species; not-beccaloni-sourced,True,"Hill et al. 2012 field record (5/50); Mechanitis on Solanum typical. Direct but plant cf.-level; retain as uncertain species, no exact overlay."
assoc_0577,Mechanitis polymnia,Solanum sp. (Solanaceae),"Beccaloni et al. 2008, Catalogue of the Hostplants of the Neotropical Butterflies / Catalogo de las Plantas Huesped de las Mariposas Neotropicales",plausible,supports,literature,literature,medium,catalogue-only; embedded-personal-communication; genus-level-host,True,"Mechanitis polymnia on Solanum is the canonical pairing; Beccaloni row backed by Bizarro/Freitas p.c. Catalogue-level literature, genus-only."
assoc_0564,Mechanitis polymnia,Brunfelsia grandiflora (Solanaceae),"Beccaloni et al. 2008, Catalogue of the Hostplants of the Neotropical Butterflies / Catalogo de las Plantas Huesped de las Mariposas Neotropicales",atypical,plausible_uncertain,needs_check,literature,low,legit-solanaceae-genus-brunfelsia; beccaloni-open-circle-plausible-not-wrong; traceable-primary-source-silva-1968; catalogue-mediated-not-direct; confidence-downgraded-from-stored-high,True,"Beccaloni dubious marker; Silva et al. 1968 old source. Mechanitis typically Solanum-group, Brunfelsia atypical; keep needs_check."
assoc_0567,Mechanitis polymnia,Cyphomandra corymbiflora (Solanaceae),"Beccaloni et al. 2008, Catalogue of the Hostplants of the Neotropical Butterflies / Catalogo de las Plantas Huesped de las Mariposas Neotropicales",plausible,plausible_uncertain,literature,literature,medium,catalogue-only; embedded-personal-communication,True,Cyphomandra (=Solanum s.l.) is a known Mechanitis host; Beccaloni row backed by Bizarro p.c. 1997. Catalogue-level literature.
assoc_0573,Mechanitis polymnia,Jaltomata procumbens (Solanaceae),"Beccaloni et al. 2008, Catalogue of the Hostplants of the Neotropical Butterflies / Catalogo de las Plantas Huesped de las Mariposas Neotropicales",atypical,plausible_uncertain,needs_check,literature,low,legit-solanaceae-genus-jaltomata; personal-communication-literature-not-direct; named-traceable-source-haber-pc; correctly-not-promoted-to-direct,True,Beccaloni dubious marker; Haber p.c. only. Jaltomata is Solanaceae but unusual for Mechanitis; keep needs_check pending corroboration.
assoc_0633,Melinaea menophilus,Juanulloa sp. (Solanaceae),"Beccaloni et al. 2008, Catalogue of the Hostplants of the Neotropical Butterflies / Catalogo de las Plantas Huesped de las Mariposas Neotropicales",plausible,supports,literature,literature,medium,catalogue-only; embedded-personal-communication; oviposition-noted; genus-level-host,True,Melinaea on Juanulloa (Solanaceae) is typical for the genus; Beccaloni row with Mallet oviposition note (RC:86-25) plus Freitas p.c. Catalogue literature.
assoc_0641,Methona confusa,Brunfelsia sp. (Solanaceae),"Beccaloni et al. 2008, Catalogue of the Hostplants of the Neotropical Butterflies / Catalogo de las Plantas Huesped de las Mariposas Neotropicales",plausible,supports,literature,literature,medium,catalogue-only; embedded-personal-communication; genus-level-host,True,"Methona is a classic Brunfelsia (Solanaceae) feeder; Beccaloni row backed by Freitas and Mallet p.c. Catalogue-level literature, genus-only."
assoc_0653,Methona themisto,Brunfelsia americana (Solanaceae),"Beccaloni et al. 2008, Catalogue of the Hostplants of the Neotropical Butterflies / Catalogo de las Plantas Huesped de las Mariposas Neotropicales",plausible,plausible_uncertain,literature,literature,low,personal_communication_literature_only; legitimate_solanaceae_host; captive; not_needs_check,True,"Methona on Brunfelsia is typical; but record is captive (Hall p.c. 1986, no locality). Credible host-use but distinguish from wild use; catalogue literature."
assoc_0668,Napeogenes sylphis,Solanum nr extensum (Solanaceae),"Beccaloni et al. 2008, Catalogue of the Hostplants of the Neotropical Butterflies / Catalogo de las Plantas Huesped de las Mariposas Neotropicales",plausible,supports,literature,literature,medium,embedded-primary-Beccaloni1995; nr-uncertain-plant-id; do-not-convert-to-exact-species,True,"Embedded primary Beccaloni 1995 (real authoritative Ithomiine source), Ecuador. Napeogenes on Solanum typical; plant nr-level, keep uncertain species."
assoc_0687,Oleria onega,"Solanum sp. (sect. Pteroidea), Solanaceae","Beccaloni et al. 2008, Catalogue of the Hostplants of the Neotropical Butterflies / Catálogo de las Plantas Huésped de las Mariposas Neotropicales (Monografías Tercer Milenio vol. 8, SEA/RIBES-CYTED/NHM)",plausible,plausible_uncertain,literature,literature,medium,catalogue-only; personal-communication-primary; host-genus-level-only,True,"Oleria (Oleriina) on Solanum is textbook Solanaceae host use; backed by Mallet p.c. 1984 reared-code in Beccaloni catalogue. Genus-level, p.c. only: literature/medium."
assoc_0734,Pteronymia artena,"Solanum aphyodendron, Solanaceae","Beccaloni et al. 2008, Catalogue of the Hostplants of the Neotropical Butterflies / Catálogo de las Plantas Huésped de las Mariposas Neotropicales (Monografías Tercer Milenio vol. 8, SEA/RIBES-CYTED/NHM)",plausible,supports,literature,literature,medium,catalogue-only; in-press-primary-citation,True,"Pteronymia on Solanum is typical Ithomiini host use. Cited to Knapp (in press) via Beccaloni catalogue; species-level but catalogue-mediated, so literature not direct."
assoc_0740,Pteronymia euritea,"Solanum nr pseudoquina, Solanaceae","Beccaloni et al. 2008, Catalogue of the Hostplants of the Neotropical Butterflies / Catálogo de las Plantas Huésped de las Mariposas Neotropicales (Monografías Tercer Milenio vol. 8, SEA/RIBES-CYTED/NHM)",plausible,plausible_uncertain,literature,literature,medium,catalogue-only; personal-communication-primary; imprecise-host-id-nr,True,"Pteronymia on Solanum is plausible; host is 'nr pseudoquina' (uncertain ID) from Freitas p.c. 1994 in catalogue. Literature/medium, avoid exact species overlay."
assoc_0765,Pteronymia sylvo,"Brunfelsia australis, Solanaceae","Beccaloni et al. 2008, Catalogue of the Hostplants of the Neotropical Butterflies / Catálogo de las Plantas Huésped de las Mariposas Neotropicales (Monografías Tercer Milenio vol. 8, SEA/RIBES-CYTED/NHM)",plausible,plausible_uncertain,needs_check,needs_check,low,catalogue-only; marked-dubious-in-source; old-record-Biezanko-1974,True,"Brunfelsia (Solanaceae) is a valid Ithomiini host genus, but Beccaloni flags this Biezanko et al. 1974b Uruguay record as dubious; keep needs_check/low pending primary verification."
assoc_0778,Pteronymia veia,"Cuatresia riparia, Solanaceae","Beccaloni et al. 2008, Catalogue of the Hostplants of the Neotropical Butterflies / Catálogo de las Plantas Huésped de las Mariposas Neotropicales (Monografías Tercer Milenio vol. 8, SEA/RIBES-CYTED/NHM)",plausible,supports,literature,literature,medium,catalogue-only; personal-communication-primary,True,"Cuatresia is a Solanaceae genus used by Ithomiini; Pteronymia veia pairing plausible. Salazar p.c. 1997 via catalogue: species-level but p.c./catalogue, so literature/medium."
assoc_0785,Scada karschina,"Solanum nr pseudoquina, Solanaceae","Beccaloni et al. 2008, Catalogue of the Hostplants of the Neotropical Butterflies / Catálogo de las Plantas Huésped de las Mariposas Neotropicales (Monografías Tercer Milenio vol. 8, SEA/RIBES-CYTED/NHM)",plausible,plausible_uncertain,literature,literature,medium,catalogue-only; personal-communication-primary; imprecise-host-id-nr,True,"Scada (Mechanitina) on Solanum is typical; host 'nr pseudoquina' uncertain, from Freitas p.c. 1994 in catalogue. Literature/medium, avoid exact species overlay."
assoc_0791,Thyridia psidii,"Cyphomandra sp., Solanaceae","Beccaloni et al. 2008, Catalogue of the Hostplants of the Neotropical Butterflies / Catálogo de las Plantas Huésped de las Mariposas Neotropicales (Monografías Tercer Milenio vol. 8, SEA/RIBES-CYTED/NHM)",plausible,supports,literature,literature,medium,catalogue-only; personal-communication-primary; host-genus-level-only,True,"Thyridia psidii is a well-known Cyphomandra (=Solanum betaceum group) feeder; two independent p.c. records (Freitas, Mallet) in catalogue. Genus-level/p.c.: literature/medium."
assoc_0811,Tithorea harmonia,"Prestonia nr portobellensis, Apocynaceae","Beccaloni et al. 2008, Catalogue of the Hostplants of the Neotropical Butterflies / Catálogo de las Plantas Huésped de las Mariposas Neotropicales (Monografías Tercer Milenio vol. 8, SEA/RIBES-CYTED/NHM)",plausible,supports,literature,literature,medium,catalogue-only; imprecise-host-id-nr; apocynaceae-host-tithoreina,True,Tithorea (Tithoreina) characteristically feeds on Apocynaceae incl. Prestonia; backed by Muyshondt et al. 1976 reared study. Host ID 'nr' uncertain: literature/medium not needs_check.
assoc_0817,Tithorea tarricina,"Prestonia nr portobellensis, Apocynaceae","Beccaloni et al. 2008, Catalogue of the Hostplants of the Neotropical Butterflies / Catálogo de las Plantas Huésped de las Mariposas Neotropicales (Monografías Tercer Milenio vol. 8, SEA/RIBES-CYTED/NHM)",plausible,supports,literature,literature,medium,catalogue-only; imprecise-host-id-nr; apocynaceae-host-tithoreina,True,Tithorea tarricina on Prestonia (Apocynaceae) is the expected Tithoreina host use; Muyshondt et al. 1976 reared record via catalogue. 'nr' host ID uncertain: literature/medium.
assoc_0015,Callithomia hezia,Solanum nr pensile (Solanaceae),Drummond & Brown 1987,plausible,supports,literature,literature,medium,catalogue-mediated; imprecise-host-id,True,Callithomia on Solanum is canonical Ithomiini; D&B 1987 via Beccaloni supports it. 'nr pensile' is provisional so species-level imprecise.
assoc_0023,Ceratinia neso,Solanum sp. subg. Leptostemonum (Solanaceae),Drummond & Brown 1987,plausible,supports,literature,literature,medium,catalogue-mediated; genus-level-host,True,Ceratinia on Solanum is canonical; D&B 1987 via Beccaloni supports genus-level association. Host only to genus/subgenus.
assoc_0028,Ceratinia tutia,Solanum sp. sect. Geminata (Solanaceae),Drummond & Brown 1987,plausible,supports,literature,literature,medium,catalogue-mediated; genus-level-host,True,Ceratinia tutia on Solanum is canonical Ithomiini; D&B 1987 via Beccaloni supports it. Host resolved only to genus/section.
assoc_0033,Dircenna adina,Solanum nr asperum (Solanaceae),Drummond & Brown 1987,plausible,supports,literature,literature,medium,catalogue-mediated; imprecise-host-id,True,"Dircenna on Solanum is canonical; D&B 1987 via Beccaloni supports it. 'nr asperum' is provisional, so avoid exact species overlay."
assoc_0034,Dircenna adina,Solanum nr hazenii (Solanaceae),Drummond & Brown 1987,plausible,supports,literature,literature,medium,catalogue-mediated; imprecise-host-id,True,Dircenna adina on Solanum is canonical; D&B 1987 via Beccaloni supports it. 'nr hazenii' provisional; species-level uncertain.
assoc_0061,Dircenna klugii,Solanum nr rugosum (Solanaceae),Drummond & Brown 1987,plausible,supports,literature,literature,medium,catalogue-mediated; imprecise-host-id,True,Dircenna klugii on Solanum is canonical and well-attested; D&B 1987 via Beccaloni supports it. 'nr rugosum' provisional so species ID imprecise.
assoc_0066,Dircenna loreta,Solanum grandiflorum (Solanaceae),Drummond & Brown 1987,plausible,supports,literature,literature,medium,catalogue-mediated,True,Dircenna on Solanum is canonical; exact species S. grandiflorum cited by D&B 1987 via Beccaloni. Catalogue-mediated so literature not direct.
assoc_0075,Dircenna olyras,Solanum nr rugosum (Solanaceae),Drummond & Brown 1987,plausible,supports,literature,literature,medium,catalogue-mediated; imprecise-host-id,True,Dircenna olyras on Solanum is canonical; D&B 1987 via Beccaloni supports it. 'nr rugosum' provisional; species-level imprecise.
assoc_0165,Episcada hymenaea,Solanum sisymbriifolium (Solanaceae),Drummond & Brown 1987,plausible,plausible_uncertain,needs_check,needs_check,low,catalogue-mediated; beccaloni-dubious-marker,True,"Episcada on Solanum is plausible, but Beccaloni flags this row dubious; keep needs_check pending an independent direct source despite D&B citation."
assoc_0159,Episcada hymenaea,Solanum sp.? sect. Geminata (Solanaceae),Drummond & Brown 1987,plausible,plausible_uncertain,literature,literature,low,catalogue-mediated; imprecise-host-id; host-id-queried,True,Episcada on Solanum is plausible; D&B 1987 via Beccaloni. Host marked 'sp.?' (queried) so identification uncertain even at genus.
assoc_0169,Episcada salvinia,Solanum sp. sect. Geminata (Solanaceae),Drummond & Brown 1987,plausible,plausible_uncertain,needs_check,needs_check,low,catalogue-mediated; beccaloni-dubious-marker; genus-level-host,True,"Episcada on Solanum is plausible, but Beccaloni flags row dubious; keep needs_check/exploratory pending primary verification."
assoc_0186,Eutresis hypereia,Schultesianthus megalandrus (Solanaceae),Drummond & Brown 1987,plausible,plausible_uncertain,needs_check,needs_check,low,catalogue-mediated; beccaloni-dubious-marker; unusual-host-genus,True,"Schultesianthus is Solanaceae (plausible for basal Ithomiini Eutresis), but Beccaloni flags row dubious; keep needs_check pending primary verification."
assoc_0191,Godyris kedema,Solanum nr ripense (Solanaceae),Drummond & Brown 1987,plausible,supports,literature,literature,medium,catalogue-mediated; imprecise-host-id,True,Godyris on Solanum is canonical; D&B 1987 via Beccaloni supports it. 'nr ripense' provisional so species-level imprecise.
assoc_0192,Godyris zavaleta,Cestrum sp. (Solanaceae),Drummond & Brown 1987,plausible,supports,literature,literature,medium,catalogue-mediated; genus-level-host; embedded-oviposition-note,True,"Godyris on Cestrum is canonical; multiple sources incl. D&B 1987 and a Mallet oviposition record. Catalogue-mediated, genus-level so literature/medium."
assoc_0203,Greta andromica,Solanum nr ripense (Solanaceae),Drummond & Brown 1987,plausible,supports,literature,literature,medium,catalogue-mediated; imprecise-host-id,True,Greta on Solanum is canonical Ithomiini; D&B 1987 via Beccaloni supports it. 'nr ripense' provisional so species-level imprecise.
assoc_0363,Heterosais giulia,Cestrum sp. (Solanaceae),Drummond & Brown 1987,plausible,supports,literature,literature,medium,catalogue-mediated; genus-level-host,True,Heterosais on Cestrum is canonical; D&B 1987 via Beccaloni (two countries) supports it. Host only to genus; catalogue-mediated so literature/medium.
assoc_0370,Hyalyris oulita,Solanum appressum (Solanaceae),Drummond & Brown 1987,plausible,plausible_uncertain,literature,literature,medium,catalogue-mediated; beccaloni-embedded-primary; subspecies-level-source-metella,True,Ithomiine on Solanum = canonical host. Beccaloni-via-Drummond&Brown1987; classic literature but not re-verified as direct rearing here.
assoc_0372,Hyalyris oulita,Solanum nr variabile (Solanaceae),Drummond & Brown 1987,plausible,plausible_uncertain,literature,literature,medium,catalogue-mediated; beccaloni-embedded-primary; host-name-imprecise-nr,True,"Solanum host plausible for ithomiine; 'nr variabile' is provisional plant ID so species overlay unreliable. Literature-level, medium."
assoc_0376,Hypoleria lavinia,Solanum sp. sect. Geminata (Solanaceae),Drummond & Brown 1987,plausible,plausible_uncertain,literature,literature,medium,catalogue-mediated; beccaloni-embedded-primary; host-genus-only-sp,True,"Hypoleria on Solanum is typical. Plant only to genus/section; catalogue-mediated Drummond&Brown record. Literature, medium."
assoc_0386,Hypothyris euclea,Solanum sp. sect. Brevantherum (Solanaceae),Drummond & Brown 1987,plausible,plausible_uncertain,literature,literature,medium,catalogue-mediated; beccaloni-embedded-primary; host-genus-only,True,Hypothyris on Solanum = standard ithomiine host. Genus-level only; literature-grade via Beccaloni/Drummond&Brown.
assoc_0388,Hypothyris euclea,Solanum nr asperum (Solanaceae),Drummond & Brown 1987,plausible,plausible_uncertain,literature,literature,medium,catalogue-mediated; beccaloni-embedded-primary; host-name-imprecise-nr,True,"Plausible Solanum host; 'nr asperum' provisional ID. Catalogue-mediated classic source. Literature, medium."
assoc_0405,Hypothyris ninonia,Solanum spp. sect. Lepidota (Solanaceae),Drummond & Brown 1987,plausible,plausible_uncertain,literature,literature,medium,catalogue-mediated; beccaloni-embedded-primary; host-genus-only,True,Hypothyris on Solanum is canonical. Genus/section-level host; literature-grade despite worklist 'high'. Recommend medium.
assoc_0462,Ithomia lichyi,Athenaea picta (Solanaceae),Drummond & Brown 1987,plausible,plausible_uncertain,needs_check,needs_check,low,catalogue-mediated; beccaloni-marked-dubious; solanaceous-host-ok,True,"Athenaea is Solanaceae and plausible for Ithomia, but Beccaloni explicitly marks this row dubious; keep needs_check, low confidence."
assoc_0505,Mechanitis lysimnia,Solanum sp. sect. Brevantherum (Solanaceae),Drummond & Brown 1987,plausible,plausible_uncertain,literature,literature,medium,catalogue-mediated; beccaloni-embedded-primary; host-genus-only,True,Mechanitis on Solanum = textbook host. Genus-level only; literature-grade via Beccaloni/Drummond&Brown.
assoc_0498,Mechanitis lysimnia,Cyphomandra velutina (Solanaceae),Drummond & Brown 1987,plausible,plausible_uncertain,needs_check,needs_check,low,catalogue-mediated; beccaloni-marked-dubious; cyphomandra-now-solanum,True,"Cyphomandra (=Solanum) is a known Mechanitis host group, but Beccaloni flags this row dubious; recommend needs_check, low despite worklist 'high'."
assoc_0529,Mechanitis lysimnia,Solanum paniculatum (Solanaceae),Drummond & Brown 1987,plausible,supports,literature,literature,high,catalogue-mediated; two-independent-sources; beccaloni-embedded-primary,True,"S. paniculatum is a well-documented Mechanitis host; corroborated by Silva et al.1968 AND Drummond&Brown1987. Literature, high confidence."
assoc_0538,Mechanitis lysimnia,Solanum tuberosum (Solanaceae),Drummond & Brown 1987,atypical,plausible_uncertain,needs_check,literature,low,canonical-host-genus-solanum; cultivated-solanum-explicitly-in-scope; multiple-traceable-sources; catalogue-mediated-not-direct,True,"Potato is a cultivated/temperate Solanum; atypical wild host for Mechanitis. Beccaloni-dubious, Uruguay record. Needs_check, low."
assoc_0548,Mechanitis mazaeus,Solanum spp. subg. Leptostemonum (Solanaceae),Drummond & Brown 1987,plausible,plausible_uncertain,literature,literature,medium,catalogue-mediated; beccaloni-embedded-primary; host-genus-only,True,"Leptostemonum (spiny Solanum) is the classic Mechanitis host clade. Genus/subgenus-level; literature, medium."
assoc_0549,Mechanitis mazaeus,Solanum nr lancaeifolium (Solanaceae),Drummond & Brown 1987,plausible,plausible_uncertain,literature,literature,medium,catalogue-mediated; beccaloni-embedded-primary; host-name-imprecise-nr,True,"Plausible Solanum host for Mechanitis; 'nr lancaeifolium' provisional ID. Catalogue-mediated classic source. Literature, medium."
assoc_0554,Mechanitis menapis,Solanum nr aculeatissimum (Solanaceae),Drummond & Brown 1987,plausible,plausible_uncertain,literature,literature,medium,catalogue-mediated; beccaloni-embedded-primary; host-name-imprecise-nr,True,"Spiny Solanum (aculeatissimum-like) is typical Mechanitis host; provisional 'nr' ID. Literature, medium."
assoc_0578,Mechanitis polymnia,Solanum sp. sect. Brevantherum (Solanaceae),Drummond & Brown 1987,plausible,plausible_uncertain,literature,literature,medium,catalogue-mediated; beccaloni-embedded-primary; host-genus-only; two-ssp-records,True,"M. polymnia on Solanum = canonical. Genus-level only, but two ssp localities in Drummond&Brown via Beccaloni. Literature, medium."
assoc_0579,Mechanitis polymnia,Solanum sp. sect. Solanum (Solanaceae),Drummond & Brown 1987,plausible,plausible_uncertain,literature,literature,medium,catalogue-mediated; beccaloni-embedded-primary; host-genus-only; doi-points-to-beccaloni-catalogue,True,M. polymnia on Solanum is standard. Genus-level only; recommend medium not worklist 'high'. Literature-grade via Beccaloni/Drummond&Brown.
assoc_0580,Mechanitis polymnia,Solanum sp. (subg. Leptostemonum) [Solanaceae],Drummond & Brown 1987,plausible,supports,literature,literature,high,genus-level-host; beccaloni-compilation,True,Mechanitis polymnia is a textbook Solanum (Leptostemonum) feeder; D&B1987 via Beccaloni; genus-level only.
assoc_0588,Mechanitis polymnia,Solanum goodspeedii [Solanaceae],Drummond & Brown 1987,plausible,supports,literature,literature,high,beccaloni-compilation,True,"Solanum host fully consistent with Mechanitis; D&B1987 authoritative compilation (catalogue-level, not re-verified)."
assoc_0608,Mechanitis polymnia,Solanum rudepannum [Solanaceae],Drummond & Brown 1987,plausible,supports,literature,literature,high,beccaloni-compilation; multiple-corroborating-sources,True,Solanum host typical for Mechanitis; corroborated by D&B1987 plus Gentry&Dyer and Haber p.c.; literature-level.
assoc_0618,Mechanitis polymnia,Solanum variabile [Solanaceae],Drummond & Brown 1987,plausible,supports,literature,literature,high,beccaloni-compilation; multiple-corroborating-sources,True,Solanum host typical for Mechanitis; D&B1987 plus Silva et al.1968 and Freitas p.c. corroborate.
assoc_0672,Napeogenes tolosa,Solanum sp. [Solanaceae],Drummond & Brown 1987,plausible,plausible_uncertain,literature,needs_check,medium,genus-level-host; beccaloni-dubious-marker; beccaloni-compilation,True,"Solanum plausible for Napeogenes; flagged dubious in Beccaloni but two sources (D&B1987, DeVries1987); genus-level, medium."
assoc_0670,Napeogenes tolosa,Lycianthes nr multiflora [Solanaceae],Drummond & Brown 1987,plausible,supports,literature,literature,medium,uncertain-plant-id-nr; beccaloni-compilation,True,Lycianthes is a standard Ithomiini host and good fit for Napeogenes; 'nr' qualifier limits species certainty.
assoc_0679,Oleria astrea,Solanum nr chacoense [Solanaceae],Drummond & Brown 1987,plausible,supports,literature,literature,medium,uncertain-plant-id-nr; beccaloni-compilation,True,Solanum host consistent with Oleria; D&B1987 via Beccaloni; 'nr chacoense' makes species ID tentative.
assoc_0685,Oleria onega,Solanum sp. [Solanaceae],Drummond & Brown 1987,plausible,supports,literature,literature,medium,genus-level-host; beccaloni-compilation,True,Solanum plausible for Oleria onega; genus-level catalogue record from D&B1987.
assoc_0686,Oleria onega,Solanum sp. (sect. Micracantha) [Solanaceae],Drummond & Brown 1987,plausible,supports,literature,literature,medium,genus-level-host; beccaloni-compilation,True,"Solanum (sect. Micracantha) plausible for Oleria onega; genus-level, catalogue-backed D&B1987 record."
assoc_0691,Oleria onega,Solanum nr chacoense [Solanaceae],Drummond & Brown 1987,plausible,supports,literature,literature,medium,uncertain-plant-id-nr; beccaloni-compilation,True,Solanum host fits Oleria onega; D&B1987 via Beccaloni; 'nr chacoense' tentative species ID.
assoc_0700,Olyras crathis,Schultesianthus megalandrus [Solanaceae],Drummond & Brown 1987,plausible,plausible_uncertain,literature,needs_check,low,beccaloni-dubious-marker; unusual-solanaceae-genus; beccaloni-compilation,False,Schultesianthus is Solanaceae (Solandreae); plausible for Tithoreina genus Olyras; Beccaloni flags dubious so medium.
assoc_0701,Olyras crathis,Solandra grandiflora [Solanaceae],Drummond & Brown 1987,plausible,plausible_uncertain,literature,needs_check,low,beccaloni-dubious-marker; unusual-solanaceae-genus; beccaloni-compilation,False,Solandra is Solanaceae (Solandreae); plausible woody-Solanaceae host for Olyras; Beccaloni dubious marker lowers confidence.
assoc_0712,Placidina euryanassa,Cyphomandra betacea (=Solanum betaceum) [Solanaceae],Drummond & Brown 1987,plausible,plausible_uncertain,literature,needs_check,low,beccaloni-dubious-marker; beccaloni-compilation,True,"Cyphomandra/Solanum betaceum is Solanaceae and plausible, but Placidina mainly uses Brunfelsia; Beccaloni dubious, low confidence."
assoc_0713,Placidina euryanassa,Datura metel [Solanaceae],Drummond & Brown 1987,atypical,plausible_uncertain,needs_check,needs_check,low,datura-chemically-aberrant-host; placidina-brunfelsia-brugmansia-specialist; beccaloni-dubious-open-circle; dubious-catalogue-source-only; no-rearing-or-feeding-reported; over-promotion-rejected; confidence-corrected-from-stored-high,True,Datura is Solanaceae but atypical; Placidina feeds primarily on Brunfelsia; dubious marker plus introduced Datura metel; needs check.
assoc_0714,Placidina euryanassa,Datura stramonium [Solanaceae],Drummond & Brown 1987,atypical,plausible_uncertain,needs_check,needs_check,low,datura-chemically-aberrant-host; placidina-brunfelsia-brugmansia-specialist; beccaloni-dubious-open-circle; single-dubious-catalogue-source; no-rearing-or-feeding-reported; over-promotion-rejected,True,"Datura is atypical for Placidina (Brunfelsia specialist); Beccaloni dubious, single D&B1987 cite; needs check."
assoc_0723,Pseudoscada timna,Cestrum sp. [Solanaceae],Drummond & Brown 1987,plausible,supports,literature,literature,medium,genus-level-host; beccaloni-compilation,True,"Cestrum is a classic Ithomiini host and good fit for Pseudoscada; genus-level D&B1987 record, literature-level."
assoc_0732,Pteronymia artena,Solanaceae: Solanum sp. (section Geminata),Drummond & Brown 1987,plausible,plausible_uncertain,literature,literature,medium,catalogue-mediated; host-id-imprecise; genus-level-host-effectively,True,"Pteronymia on Solanum is textbook Ithomiini host; Drummond&Brown 1987 (ssp. beebei, Venezuela) plausibly supports it, but plant ID is 'sp.?' so species-level overlay unwarranted."
assoc_0744,Pteronymia latilla,Solanaceae: Solanum nr ripense,Drummond & Brown 1987,plausible,supports,literature,literature,medium,catalogue-mediated; host-id-imprecise; notes-template-mismatch,True,Pteronymia/Solanum is typical; Drummond&Brown 1987 supports the pairing. 'nr ripense' is tentative ID; notes_for_web_app cites Costa 1999 (template mismatch) but source trail is D&B 1987.
assoc_0756,Pteronymia simplex,"Solanaceae: Solanum spp. (section Geminata), genus-level",Drummond & Brown 1987,plausible,supports,literature,literature,medium,catalogue-mediated; genus-level-host,True,"Pteronymia simplex on Solanum (Costa Rica, ssp. simplex) is highly plausible and supported by Drummond&Brown 1987; genus-level host keeps confidence at medium."
assoc_0781,Pteronymia vestilla,Solanaceae: Solanum nr nudum,Drummond & Brown 1987,plausible,supports,literature,literature,medium,catalogue-mediated; host-id-imprecise,True,"Pteronymia/Solanum is classic; Drummond&Brown 1987 (ssp. sparsa, Ecuador) supports it. 'nr nudum' is tentative plant ID, so no exact-species overlay; catalogue-mediated keeps confidence medium."
assoc_0783,Sais rosalia,"Solanaceae: Lycianthes sp., genus-level",Drummond & Brown 1987,plausible,plausible_uncertain,literature,literature,medium,catalogue-mediated; genus-level-host; ocr-artifact-in-source-refs,True,"Sais (Apocynaceae-clade) on Solanaceous Lycianthes is plausible for Ithomiini; D&B 1987 (ssp. brasiliensis, Brazil) supports it. source_refs has OCR typo 'Go Drummond'; genus-level host -> medium."
assoc_0012,Callithomia alexirrhoe,Solanum spp. (Solanaceae),Lamas 1985,plausible,plausible_uncertain,needs_check,needs_check,low,beccaloni-dubious-marker; catalogue-only; host-genus-only,True,"Ithomiine on Solanum is taxonomically core, but Beccaloni flags this row dubious; Lamas-only catalogue trail, keep needs_check."
assoc_0017,Callithomia lenea,Solanum spp. (Solanaceae),Lamas 1985,plausible,plausible_uncertain,literature,needs_check,low,catalogue-only; host-genus-only; duplicate-key-in-csv,False,"Solanum is a typical Ithomiine host; plausible Beccaloni row citing Lamas 1985, catalogue-level literature not independently re-verified."
assoc_0022,Ceratinia neso,Solanum spp. (Solanaceae),Lamas 1985,plausible,plausible_uncertain,literature,needs_check,low,catalogue-only; host-genus-only; duplicate-key-in-csv,False,"Ceratinia on Solanum is a standard Ithomiine pairing; plausible Beccaloni/Lamas catalogue record, treated as literature."
assoc_0065,Dircenna loreta,Solanum spp. (Solanaceae),Lamas 1985,plausible,plausible_uncertain,literature,needs_check,low,catalogue-only; host-genus-only,False,"Dircenna are Solanaceae feeders; Solanum host is expected, plausible catalogue record citing Lamas 1985."
assoc_0141,Episcada clausina,Solanum spp. (Solanaceae),Lamas 1985,plausible,plausible_uncertain,literature,needs_check,low,catalogue-only; host-genus-only; subspecies-level-source,False,"Episcada use Solanaceae (and some Apocynaceae); Solanum plausible, Lamas 1985 (ssp. polita) catalogue record, literature-level."
assoc_0189,Forbestra olivencia,Solanum spp. (Solanaceae),Lamas 1985,plausible,plausible_uncertain,literature,needs_check,low,catalogue-only; host-genus-only; confidence-downgraded-from-high,False,"Forbestra (Mechanitina) are Solanum specialists; pairing core, but Lamas-only catalogue trail caps at literature/medium, not high."
assoc_0294,Heliconius numata,Passiflora spp. (Passifloraceae),Lamas 1985,plausible,plausible_uncertain,literature,literature,low,,False,"Heliconius numata is a heliconiine, not Ithomiini; Passiflora is its correct host. Flag as non-ithomiine Passifloraceae record; plausible catalogue literature."
assoc_0364,Heterosais giulia,Cestrum spp. (Solanaceae),Lamas 1985,plausible,plausible_uncertain,literature,needs_check,low,catalogue-only; host-genus-only; subspecies-level-source,False,"Heterosais (Dircennina) on Cestrum is a typical Ithomiine pairing; plausible Lamas 1985 (ssp. nephele) catalogue record, literature-level."
assoc_0387,Hypothyris euclea,Solanum spp. (Solanaceae),Lamas 1985,plausible,plausible_uncertain,literature,needs_check,low,catalogue-only; host-genus-only; subspecies-level-source; duplicate-key-in-csv,False,"Hypothyris feed on Solanum and Gesneriaceae; Solanum core and plausible, Lamas 1985 catalogue record at literature level."
assoc_0430,Ithomia agnosia,Acnistus spp. (Solanaceae),Lamas 1985,plausible,plausible_uncertain,literature,needs_check,low,catalogue-only; host-genus-only; confidence-downgraded-from-high,False,"Ithomia are Solanaceae feeders; Acnistus plausible, but Lamas-only catalogue trail caps at literature/medium not high."
assoc_0435,Ithomia agnosia,Physalis spp. (Solanaceae),Lamas 1985,plausible,plausible_uncertain,literature,needs_check,low,catalogue-only; host-genus-only; host-genus-atypical-physalis,False,"Physalis is a less typical but Solanaceous Ithomiine host; plausible-uncertain Lamas catalogue record, literature at low confidence."
assoc_0439,Ithomia agnosia,Vassobia spp. (Solanaceae),Lamas 1985,plausible,plausible_uncertain,literature,needs_check,low,catalogue-only; host-genus-only,False,"Vassobia is Solanaceae; plausible Ithomia host from Lamas 1985 catalogue record, literature-level."
assoc_0429,Ithomia agnosia,Witheringia spp. (Solanaceae),Lamas 1985,plausible,plausible_uncertain,needs_check,needs_check,low,beccaloni-dubious-marker; catalogue-only; host-genus-only; confidence-downgraded-from-high,True,"Witheringia is a core Ithomiine host, but Beccaloni flags this row dubious; keep needs_check despite plausible taxonomy."
assoc_0464,Ithomia lichyi,Aureliana spp. (Solanaceae),Lamas 1985,plausible,plausible_uncertain,literature,needs_check,low,catalogue-only; host-genus-only; confidence-downgraded-from-high,False,Aureliana is Solanaceae and a plausible Ithomia host; Lamas-only catalogue trail caps at literature/medium not high.
assoc_0472,Ithomia salapia,Physalis spp. (Solanaceae),Lamas 1985,plausible,plausible_uncertain,literature,needs_check,low,catalogue-only; host-genus-only; host-genus-atypical-physalis; duplicate-key-in-csv,False,"Physalis is atypical but Solanaceous; plausible-uncertain Ithomia salapia host from Lamas catalogue, literature at low confidence."
assoc_0547,Mechanitis mazaeus,Solanum spp. (Solanaceae),Lamas 1985,plausible,plausible_uncertain,literature,needs_check,low,catalogue-only; host-genus-only,False,"Mechanitis are classic Solanum specialists; pairing core and plausible, Lamas 1985 catalogue record at literature level."
assoc_0565,Mechanitis polymnia,Cyphomandra spp. (Solanaceae),Lamas 1985,plausible,plausible_uncertain,literature,literature,low,beccaloni-catalogue-row; lamas-only-source-trail; genus-level-host,False,Mechanitis are classic Solanaceae feeders; Cyphomandra (Solanum s.l.) is a documented host. Catalogue row w/ Lamas 1985 embedded; literature-level.
assoc_0620,Melinaea lilis,Juanulloa spp. (Solanaceae),Lamas 1985,plausible,plausible_uncertain,literature,literature,low,beccaloni-catalogue-row; lamas-only-source-trail; genus-level-host,False,"Melinaea use epiphytic Solanaceae (Juanulloa, Markea); plausible. Beccaloni catalogue row citing Lamas 1985; literature-level, not directly verified."
assoc_0621,Melinaea lilis,Markea spp. (Solanaceae),Lamas 1985,plausible,plausible_uncertain,literature,literature,low,beccaloni-catalogue-row; lamas-only-source-trail; genus-level-host; duplicate-key-in-csv,False,Melinaea on epiphytic Solanaceae Markea is plausible. Catalogue row w/ Lamas 1985; literature-level. Worklist flagged duplicate key.
assoc_0631,Melinaea marsaeus,Markea spp. (Solanaceae),Lamas 1985,plausible,plausible_uncertain,literature,literature,low,beccaloni-catalogue-row; lamas-only-source-trail; genus-level-host,False,Melinaea on Markea (epiphytic Solanaceae) plausible; Beccaloni catalogue row citing Lamas 1985; literature-level.
assoc_0634,Melinaea menophilus,Juanulloa spp. (Solanaceae),Lamas 1985,plausible,plausible_uncertain,literature,literature,medium,beccaloni-catalogue-row; lamas-only-source-trail; genus-level-host; duplicate-key-in-csv,True,Melinaea on epiphytic Solanaceae Juanulloa plausible; catalogue row w/ Lamas 1985; literature-level.
assoc_0636,Melinaea menophilus,Markea spp. (Solanaceae),Lamas 1985,plausible,plausible_uncertain,literature,needs_check,low,beccaloni-catalogue-row; beccaloni-dubious-marker; lamas-only-source-trail; genus-level-host,False,"Taxon plausible (Melinaea on Markea), but Beccaloni flags row as dubious; keep low/needs-check until primary source confirms."
assoc_0642,Methona confusa,Brunfelsia spp. (Solanaceae),Lamas 1985,plausible,plausible_uncertain,literature,literature,low,beccaloni-catalogue-row; lamas-only-source-trail; genus-level-host; duplicate-key-in-csv,False,Methona are canonical Brunfelsia specialists; highly plausible. Catalogue row w/ Lamas 1985; literature-level.
assoc_0647,Methona curvifascia,Brunfelsia spp. (Solanaceae),Lamas 1985,plausible,plausible_uncertain,literature,literature,medium,beccaloni-catalogue-row; beccaloni-dubious-marker; lamas-only-source-trail; genus-level-host,True,"Methona/Brunfelsia is the canonical pairing, so plausible despite Beccaloni dubious marker; literature-level, verify primary source."
assoc_0677,Oleria astrea,Lycianthes spp. (Solanaceae),Lamas 1985,plausible,plausible_uncertain,literature,needs_check,low,beccaloni-catalogue-row; beccaloni-dubious-marker; lamas-only-source-trail; genus-level-host,False,"Oleria use understory Solanaceae (Lycianthes, Witheringia); plausible despite dubious marker. Catalogue row w/ Lamas 1985; literature-level."
assoc_0678,Oleria astrea,Solanum spp. (Solanaceae),Lamas 1985,plausible,plausible_uncertain,literature,needs_check,low,beccaloni-catalogue-row; beccaloni-dubious-marker; lamas-only-source-trail; genus-level-host,False,"Oleria on Solanum plausible; Beccaloni dubious marker. Note doi_or_url points to a CABI immature-stages page; catalogue-level Lamas 1985 trail, literature."
assoc_0683,Oleria onega,Lycianthes spp. (Solanaceae),Lamas 1985,plausible,plausible_uncertain,literature,literature,low,beccaloni-catalogue-row; lamas-only-source-trail; genus-level-host,False,Oleria on understory Solanaceae Lycianthes plausible; catalogue row w/ Lamas 1985; literature-level.
assoc_0688,Oleria onega,Solanum spp. (Solanaceae),Lamas 1985,plausible,plausible_uncertain,literature,literature,low,beccaloni-catalogue-row; lamas-only-source-trail; genus-level-host; duplicate-key-in-csv,False,Oleria on Solanum plausible; catalogue row w/ Lamas 1985; literature-level. Worklist notes key duplicated 4x.
assoc_0724,Pseudoscada timna,Cestrum spp. (Solanaceae),Lamas 1985,plausible,plausible_uncertain,literature,literature,low,beccaloni-catalogue-row; lamas-only-source-trail; genus-level-host,False,Pseudoscada (Godyridina) on Cestrum is plausible Solanaceae use; catalogue row w/ Lamas 1985; literature-level.
assoc_0784,Sais rosalia,Lycianthes spp. (Solanaceae),Lamas 1985,plausible,plausible_uncertain,literature,literature,low,beccaloni-catalogue-row; lamas-only-source-trail; genus-level-host,False,Sais (Oleriina) on understory Solanaceae Lycianthes plausible; catalogue row w/ Lamas 1985; literature-level.
assoc_0804,Tithorea harmonia,Mesechites spp. (Apocynaceae),Lamas 1985,plausible,plausible_uncertain,literature,literature,low,beccaloni-catalogue-row; lamas-only-source-trail; genus-level-host; apocynaceae-host-tithorea-clade,False,Tithorea is an Apocynaceae-feeding ithomiine; Mesechites is a documented host. Catalogue row w/ Lamas 1985; literature-level.
assoc_0808,Tithorea harmonia,Prestonia spp. (Apocynaceae),Lamas 1985,plausible,plausible_uncertain,literature,literature,low,beccaloni-catalogue-row; lamas-only-source-trail; genus-level-host; apocynaceae-host-tithorea-clade; duplicate-key-in-csv,False,Tithorea on Apocynaceae Prestonia is well-documented and plausible; catalogue row w/ Lamas 1985; literature-level.
assoc_0819,Dircenna dero,Solanum scuticum (Solanaceae),"Costa 1999 — Costa, F.A.P.L. (1999) New records of larval host plants for Ithomiinae butterflies (Nymphalidae). Revista Brasileira de Biologia 59(3): 455-459. Documents 17+ new larval hostplant records (predominantly Solanum) for Ithomiinae in Minas Gerais and Brasília, Brazil.",plausible,supports,literature,literature,high,primary-source-confirmed; metadata-cites-wrong-secondary-source,True,Dircenna (Ithomiini) on Solanum is canonical Solanaceae feeding; Costa 1999 is a real primary reared/field source. Recommend literature (not independently re-verified).
assoc_0820,Hypothyris ninonia,Solanum cernuum (Solanaceae),"Costa 1999 — Costa, F.A.P.L. (1999) New records of larval host plants for Ithomiinae butterflies (Nymphalidae). Revista Brasileira de Biologia 59(3): 455-459. Documents 17+ new larval hostplant records (predominantly Solanum) for Ithomiinae in Minas Gerais and Brasília, Brazil.",plausible,supports,literature,literature,high,primary-source-confirmed; metadata-cites-wrong-secondary-source,True,Hypothyris is a well-known Solanaceae feeder; Solanum cernuum host reported in Costa 1999 primary table. Plausible and well-supported; recommend literature.
assoc_0823,Hypothyris ninonia,Solanum leucodendron (Solanaceae),"Costa 1999 — Costa, F.A.P.L. (1999) New records of larval host plants for Ithomiinae butterflies (Nymphalidae). Revista Brasileira de Biologia 59(3): 455-459. Documents 17+ new larval hostplant records (predominantly Solanum) for Ithomiinae in Minas Gerais and Brasília, Brazil.",plausible,plausible_uncertain,literature,literature,medium,primary-source-confirmed; presumed-feeding-marks-only,True,"Plausible Hypothyris/Solanum pairing, but record flagged p=presumed feeding marks (not reared/oviposition), so association weaker; recommend literature, medium confidence."
assoc_0826,Mechanitis lysimnia,Solanum lycocarpum (Solanaceae),"Costa 1999 — Costa, F.A.P.L. (1999) New records of larval host plants for Ithomiinae butterflies (Nymphalidae). Revista Brasileira de Biologia 59(3): 455-459. Documents 17+ new larval hostplant records (predominantly Solanum) for Ithomiinae in Minas Gerais and Brasília, Brazil.",plausible,supports,literature,literature,high,primary-source-confirmed; metadata-cites-wrong-secondary-source,True,"Mechanitis lysimnia is a classic Solanum specialist; S. lycocarpum reared/first record in Costa 1999. Strongly plausible; recommend literature, high confidence."
assoc_0827,Mechanitis lysimnia,Solanum palinacanthum (Solanaceae),"Costa 1999 — Costa, F.A.P.L. (1999) New records of larval host plants for Ithomiinae butterflies (Nymphalidae). Revista Brasileira de Biologia 59(3): 455-459. Documents 17+ new larval hostplant records (predominantly Solanum) for Ithomiinae in Minas Gerais and Brasília, Brazil.",plausible,supports,literature,literature,high,primary-source-confirmed; metadata-cites-wrong-secondary-source,True,Mechanitis on spiny Solanum (S. palinacanthum) is typical; reared/first record in Costa 1999 primary source. Plausible and well-supported; recommend literature.
assoc_0834,Pteronymia carlia,Solanum mauritianum (Solanaceae),"Costa 1999 — Costa, F.A.P.L. (1999) New records of larval host plants for Ithomiinae butterflies (Nymphalidae). Revista Brasileira de Biologia 59(3): 455-459. Documents 17+ new larval hostplant records (predominantly Solanum) for Ithomiinae in Minas Gerais and Brasília, Brazil.",plausible,supports,literature,literature,high,primary-source-confirmed; metadata-cites-wrong-secondary-source,True,"Pteronymia (Ithomiini) on Solanum is canonical; S. mauritianum reared in Costa 1999. Plausible, primary reared record; recommend literature, high confidence."
assoc_0082,Dryas iulia,Passiflora (Passifloraceae),Brown 1992a,plausible,supports,literature,literature,high,passifloraceae-host,True,"Dryas iulia is a heliconiine, NOT Ithomiini; Passiflora is its correct hallmark host. Pairing is genuinely valid; Brown 1992a supports it. Not an Ithomiini error."
assoc_0142,Episcada clausina,Solanum sect. Geminata (Solanaceae),Brown 1992a,plausible,supports,literature,literature,medium,catalogue-mediated; genus-level-host,True,"Episcada (Ithomiini) on Solanum is typical Solanaceae host use; Brown 1992a (ssp. striposis) cited via Beccaloni. Plausible literature record, not independently re-verified."
assoc_0465,Ithomia lichyi,Aureliana lucida (Solanaceae),Brown 1992a,plausible,supports,direct,literature,high,reared-compilation-supported; species-level-host,False,"Ithomia on Aureliana (Solanaceae) typical; backed by Brown 1992a AND Drummond & Brown 1987, a checked reared larval-foodplant compilation. Strong species-level support."
assoc_0581,Mechanitis polymnia,Solanum (Solanaceae),Brown 1992a,plausible,supports,literature,literature,high,catalogue-mediated; genus-level-host; multi-source,True,"Mechanitis polymnia is a classic, frequently-reared Solanum feeder; corroborated by Brown 1992a, Young 1977c, Lamas 1985, Barcant 1970. Very well-established association."
assoc_0792,Thyridia psidii,Cyphomandra (Solanaceae),Brown 1992a,plausible,supports,literature,literature,medium,catalogue-mediated; genus-level-host,True,"Thyridia psidii (Ithomiini) on Cyphomandra (=Solanum, Solanaceae) is a known association; Brown 1992a (ssp. cetoides) + Lamas 1985. Plausible literature record, genus-level host."
assoc_0081,Dryas iulia,Passiflora spp. (Passifloraceae),Hayward 1969,plausible,supports,literature,literature,high,heliconiine-passiflora-correct; beccaloni-compilation-only; primary-source-not-verified,True,"Dryas iulia is a heliconiine, not Ithomiini; Passiflora is its canonical correct host. Catalogue-backed via Hayward/Lamas. Solid literature record."
assoc_0149,Episcada hymenaea,Brunfelsia australis (Solanaceae),Hayward 1969,plausible,plausible_uncertain,needs_check,needs_check,low,beccaloni-dubious-marker; host-id-tentative; locality-uncertain; beccaloni-compilation-only; primary-source-not-verified,True,"Episcada/Solanaceae-Brunfelsia is taxonomically plausible, but Beccaloni flags row dubious with 'Uruguay?' and 'Brunfelsia australis?'; Hayward cited only via catalogue. Keep needs_check."
assoc_0177,Epityches eupompe,Brunfelsia australis (Solanaceae),Hayward 1969,plausible,plausible_uncertain,literature,needs_check,low,beccaloni-dubious-marker; beccaloni-compilation-only; primary-source-not-verified,False,"Epityches on Brunfelsia/Solanaceae is plausible; flagged dubious by Beccaloni but corroborated by two sources (Hayward 1969, Biezanko et al. 1974b). Catalogue-level literature."
assoc_0654,Methona themisto,Brunfelsia australis (Solanaceae),Hayward 1969,plausible,supports,literature,literature,high,multi-source-corroborated; drummond-brown-1987-checked-compilation; beccaloni-compilation-only,True,"Methona-Brunfelsia (Solanaceae) is a classic, well-documented Ithomiini pairing; corroborated by Hayward 1969, Drummond & Brown 1987 (checked compilation) and Biezanko 1974b. Strong literature."
assoc_0185,Eutresis hypereia,Juanulloa mexicana (Solanaceae),Brown & Freitas 1994,plausible,plausible_uncertain,literature,direct,medium,captive_observed_oviposition; published_primary_source; legitimate_solanaceae_host; catalogue_embedded_citation,True,"Eutresis on Juanulloa (epiphytic Solanaceae) is plausible core-Ithomiini biology; source_refs notes captive oviposition, but reaches us via Beccaloni catalogue, so literature-level."
assoc_0359,Heterosais edessa,Cestrum amictum (Solanaceae),Brown & Freitas 1994,plausible,supports,literature,literature,high,catalogue-embedded-primary; two-primary-sources,True,"Heterosais on Cestrum is textbook Ithomiini-Solanaceae; backed by two primary records (Brown & Freitas 1994; Freitas 1996, SP Brazil) via Beccaloni catalogue, so literature-level."
assoc_0401,Hypothyris lycaste,Solanum rugosum (Solanaceae),Brown & Freitas 1994,plausible,supports,literature,literature,high,catalogue-embedded-primary,True,"Hypothyris on Solanum is the most typical Ithomiini pairing; cited to Brown & Freitas 1994 (Colombia, ssp. limosa) via Beccaloni catalogue, so literature-level."
assoc_0726,Pteronymia aletta,Solanum sp. sect. Geminata (Solanaceae),Brown & Freitas 1994,plausible,supports,literature,literature,medium,catalogue-embedded-primary; host-genus-level-only,True,"Pteronymia on Solanum is typical Ithomiini biology; host resolved only to genus (sect. Geminata); cited to Brown & Freitas 1994 (Venezuela) via Beccaloni catalogue, literature-level."
assoc_0331,Heliconius sara,"Passiflora (Passifloraceae), genus-level",Arruda & Arruda 1971,plausible,plausible_uncertain,literature,literature,medium,passifloraceae-expected-for-heliconiine; genus-level-host; catalogue-compiled-Beccaloni,True,"Heliconius sara is a heliconiine, NOT Ithomiini; Passiflora is its canonical expected host. Catalogue-backed (Beccaloni/Arruda/Lamas), genus-level. Literature."
assoc_0503,Mechanitis lysimnia,Solanum sp. (Solanaceae),Arruda & Arruda 1971,plausible,supports,literature,literature,high,host-species-indeterminate; catalogue-compiled-Beccaloni; multi-source-corroborated,True,"Mechanitis-on-Solanum is textbook Ithomiini-Solanaceae; corroborated by multiple primaries (Arruda&Arruda, Lima). Host only to genus (sp.?). Solid literature."
assoc_0660,Methona themisto,Solanum sp. (Solanaceae),Arruda & Arruda 1971,atypical,plausible_uncertain,needs_check,literature,low,canonical-host-genus-solanum; two-traceable-primary-sources; host-resolved-to-genus-only; catalogue-mediated-not-direct,True,Methona (Tithoreini) usually on Brunfelsia/other Solanaceae & Apocynaceae; plain Solanum is atypical and Beccaloni flagged dubious. Keep needs_check pending direct source.
assoc_0400,Hypothyris lycaste,Solanum rudepannum (Solanaceae),DeVries 1986,plausible,plausible_uncertain,literature,needs_check,medium,beccaloni-catalogue-compilation; beccaloni-dubious-marker; primary-source-not-full-text-verified,False,"Hypothyris is a canonical Solanum-feeding ithomiine; Solanum host plausible. Traced to real DeVries 1986 via Beccaloni. Catalogue-level, not re-verified: literature."
assoc_0403,Hypothyris lycaste,Solanum umbellatum (Solanaceae),DeVries 1986,plausible,plausible_uncertain,literature,needs_check,medium,beccaloni-catalogue-compilation; beccaloni-dubious-marker; primary-source-not-full-text-verified,False,Hypothyris lycaste on Solanum is taxonomically core for Ithomiini. Cited to DeVries 1986 (real source) via Beccaloni catalogue; catalogue-level support = literature.
assoc_0443,Ithomia diasia,Lycianthes heteroclita (Solanaceae),DeVries 1986,plausible,plausible_uncertain,literature,needs_check,low,beccaloni-catalogue-compilation; beccaloni-dubious-marker; primary-source-not-full-text-verified,False,Ithomia commonly feeds on Lycianthes/Solanum; pairing plausible. Cited to DeVries 1986 via Beccaloni. Original record had low confidence but taxon is sound: literature/medium.
assoc_0027,Ceratinia tutia,Solanum spp. (Solanaceae),DeVries 1987,plausible,plausible_uncertain,literature,literature,medium,catalogue-mediated; genus-level-host; duplicate-key-in-csv,True,"Ceratinia (Ithomiini) on Solanum is canonical Solanaceae host; via Beccaloni catalogue with DeVries 1987 + Lamas 1985 primaries, not re-verified; genus-level only."
assoc_0807,Tithorea harmonia,Prestonia sp. (Apocynaceae),DeVries 1987,plausible,supports,literature,literature,high,catalogue-mediated; genus-level-host; apocynaceae-host-expected-for-tithorea; duplicate-key-in-csv,True,Tithorea is the Apocynaceae-feeding ithomiine clade; Prestonia is a classic Tithorea host. Corroborated by DeVries 1987 (ssp. helicaon) and Brown & Freitas 1994.
assoc_0148,Episcada hymenaea,Brunfelsia spp. (Solanaceae),Varga 1997,plausible,cannot_verify,needs_check,needs_check,low,beccaloni-flagged-dubious; primary-source-untraceable; varga-1997-not-recognized-neotropical-source; catalogue-only-not-direct,True,"Episcada (Ithomiini) on Brunfelsia (Solanaceae) is taxonomically plausible, but only source is Beccaloni-embedded Varga 1997, untraceable and flagged dubious."
assoc_0715,Pseudoscada erruca,Brunfelsia spp. (Solanaceae),Varga 1997,plausible,cannot_verify,needs_check,needs_check,low,beccaloni-flagged-dubious; primary-source-untraceable; varga-1997-not-recognized-neotropical-source; catalogue-only-not-direct,True,"Pseudoscada (Ithomiini) on Brunfelsia (Solanaceae) is plausible, but sole citation is Beccaloni-embedded Varga 1997, untraceable and explicitly marked dubious."
assoc_0845,Forbestra olivencia,Solanum monarchostemon (Solanaceae),Hill 2006,plausible,supports,direct,direct,high,voucher-confirmed; reared-host,True,Hill 2006 full text confirms eggs/larvae found and reared on vouchered Solanum monarchostemon at Garza Cocha; canonical Solanaceae host for Mechanitini Forbestra. Direct rearing record.
assoc_0846,Forbestra olivencia,Solanum thelopodium (Solanaceae),Hill 2006,plausible,supports,literature,literature,medium,pers-comm; field-observation-not-reared,True,"Hill 2006 reports Elias & Willmott (pers. comm.) field observation of F. olivencia on Solanum thelopodium; plausible Solanaceae host but observational pers. comm., not reared, so literature/medium."
assoc_0214,Greta morgane,Cestrum elegans (Solanaceae),Hall 1996,plausible,supports,direct,literature,medium,captive_record_published; no_explicit_rearing_or_feeding_verb; legitimate_solanaceae_host,False,Hall 1996 is a real captive natural-history paper reporting Greta oto rearing on Cestrum; Cestrum/Solanaceae is canonical Greta host. Captive-source caveat noted.
assoc_0218,Greta morgane,Cestrum nocturnum (Solanaceae),Hall 1996,plausible,supports,direct,literature,medium,captive_record_published; no_explicit_rearing_or_feeding_verb; legitimate_solanaceae_host,False,"Hall 1996 captive paper reports Greta oto reared on Cestrum nocturnum, a standard ornamental rearing host; Solanaceae is the canonical Greta host. Captive (not wild) record."
assoc_0546,Mechanitis mazaeus,Solanum sp. (Solanaceae),Fassl 1912,plausible,supports,literature,literature,high,beccaloni-mediated-primary; oviposition-record,True,"Mechanitis (Ithomiini) on Solanum is the canonical Solanaceae host; Fassl 1912 oviposition record via Beccaloni catalogue = literature-level, not independently verified."
assoc_0870,Mechanitis messenoides,Solanum sp. (Solanaceae),Fassl 1912,plausible,supports,literature,literature,medium,beccaloni-mediated-primary; oviposition-record; taxonomic-remap-ssp-messenoides,True,"Same Fassl 1912 (Ovip.) catalogue row remapped from M. mazaeus ssp. messenoides to M. messenoides; canonical Solanum host, plausible but remap adds taxonomic uncertainty."
assoc_0857,Mechanitis polymnia,"Solanum sp. (cf. S. hayesii), Solanaceae",Isabel 1830,plausible,plausible_uncertain,literature,literature,medium,spurious-primary-citation-locality-artifact; actual-source-is-muriel-et-al-2011; genus-level-host-only; beccaloni-catalogue-mediated,True,"Mechanitis polymnia on Solanum is classic Ithomiini-Solanaceae; plausible. But cited 'Isabel 1830' is a locality artifact (Finca Santa Isabel, 1830 m); real source = Muriel et al. 2011."
assoc_0852,Pteronymia latilla,"Solanum deflexiflorum, Solanaceae",Isabel 1830,plausible,plausible_uncertain,literature,literature,medium,spurious-primary-citation-locality-artifact; actual-source-is-muriel-et-al-2011; new-host-record; beccaloni-catalogue-mediated,True,Pteronymia latilla on Solanum deflexiflorum (Solanaceae) is taxonomically plausible for Ithomiini. 'Isabel 1830' is a locality artifact; genuine source is Muriel et al. 2011 (reared immatures).
assoc_0005,Aeria eurimedia,Prestonia sp. (Apocynaceae),Young 1978a,plausible,supports,literature,literature,high,apocynaceae-feeding-ithomiine-clade; beccaloni-catalogue-compilation; embedded-primary-citation-young-1978a; host-id-genus-level,True,Aeria (Tithoreina) is an Apocynaceae-feeding ithomiine; Prestonia is the canonical host of A. eurimedia agna. Cited via Beccaloni catalogue to Young 1978a + Brown & Freitas 1994.
assoc_0016,Callithomia lenea,Solanum sp. (Solanaceae),Müller 1886,plausible,plausible_uncertain,literature,literature,medium,catalogue-embedded-primary; old-primary-source-unretrieved; host-id-genus-level; duplicate-key-in-csv,True,"Callithomia lenea on Solanum is canonical Ithomiini/Solanaceae; Beccaloni catalogue cites Fritz Müller 1886/1878 (SC Brazil) - legit classic source, full text unverified, so literature/medium."
assoc_0040,Dircenna dero,Solanum sp. (Solanaceae),Fonseca & Amante 1973,plausible,plausible_uncertain,literature,literature,medium,catalogue-mediated; primary-source-unverified; host-genus-level-only,True,"Dircenna dero (Dircennina) on Solanum is textbook Ithomiini-Solanaceae; Beccaloni-catalogued via Fonseca & Amante 1973 (real but unretrieved), so literature-level, host at sp."
assoc_0080,Dryas iulia,Passiflora sp. (Passifloraceae),Hayward 1931c,plausible,supports,literature,literature,high,catalogue-compilation-source; multiple-primary-citations,True,"Dryas iulia is a Heliconiine, not Ithomiini; Passiflora is its canonical, correct host. Catalogue-backed by many real primary sources (incl. Hayward). High plausibility."
assoc_0196,Godyris zavaleta,"Solanum sp. (sect. Geminata), Solanaceae","Ac, Drummond & Brown 1987",plausible,plausible_uncertain,literature,literature,medium,genus-level-host-only; embedded-primary-citation-not-reverified; catalogue-sourced,True,"Godyris (Ithomiini) on Solanum/Solanaceae is canonical; catalogue row w/ Drummond&Brown1987 primary cite -> literature, not direct. Host genus-level only (sp.)."
assoc_0231,Heliconius erato,Passiflora sp. (Passifloraceae),Hayward 1943,plausible,supports,literature,literature,medium,heliconiine-record; passifloraceae-host-correct-for-heliconius; beccaloni-compilation-with-embedded-primary,False,"Heliconius erato on Passiflora is the canonical heliconiine host; correct pairing, but this is a Heliconiini NOT an Ithomiini taxon - likely contamination in the Ithomiini DB."
assoc_0232,Heliconius erato,Passiflora spp. (Passifloraceae),Hayward 1960,plausible,supports,literature,literature,high,catalogue-compilation-source; host-id-genus-level,True,"Heliconius erato (Heliconiinae, NOT Ithomiini) on Passiflora is the canonical, well-documented heliconiine association; Beccaloni-catalogue-backed via Hayward 1960/Lima 1928. Plausibility flag does not apply."
assoc_0330,Heliconius sara,Passiflora sp. (Passifloraceae),Almeida 1922,plausible,supports,literature,literature,medium,passifloraceae-canonical-for-heliconius; catalogue-sourced-beccaloni; multiple-embedded-primaries; oviposition-note-for-muller-1886,True,"Heliconius sara is a heliconiine; Passiflora is its canonical host, so the pairing is expected, not atypical. Beccaloni catalogue row with embedded primaries (incl. Muller 1886 Ovip.); literature-level."
assoc_0337,Heliconius sara,Passiflora nr citrifolia (Passifloraceae),Brown & Benson 1975a,atypical,supports,literature,literature,medium,heliconiinae-misfiled; beccaloni-catalogue-record; host-id-near-species,False,"Heliconius sara is a heliconiine, not Ithomiini; Passiflora host is correct for it. Record misfiled into Ithomiini DB. Brown&Benson 1975a supports it as catalogue-level literature."
assoc_0375,Hypoleria lavinia,Solanaceae: Solanum sp.,Young 1978e,plausible,plausible_uncertain,literature,needs_check,low,beccaloni-catalogue-only; beccaloni-dubious-marker; primary-source-unverified; host-genus-level-only,False,"Hypoleria lavinia (Oleriina) on Solanum is taxonomically textbook-plausible; but record is catalogue-sourced via Beccaloni and flagged 'dubious', and Young 1978e not re-verified."
assoc_0839,Mechanitis isthmia,Solanum rugosum (Solanaceae),"Young 1979, ""Behavioral regulatory mechanisms in populations of Mechanitis isthmia in Costa Rica: adaptations to host plants"" (Mitteilungen aus dem Museum fur Naturkunde / Deutsche Entomologische Zeitschrift, Wiley)",plausible,supports,literature,needs_check,low,abstract-snippet-only; full-text-not-verified,False,Canonical pairing: Mechanitis is a classic Solanum-feeder; Solanum rugosum is a documented host. Young 1979 is a real primary life-history source with a traceable DOI.
assoc_0501,Mechanitis lysimnia,"Lycopersicon esculentum (Solanaceae) [= tomato, Solanum lycopersicum]",Lima 1928,plausible,supports,literature,literature,high,multiple-corroborating-sources; host-name-synonym-lycopersicon-now-solanum,True,"Mechanitis (Solanaceae feeder) on tomato is textbook; corroborated by Drummond & Brown 1987 + Brown & Freitas 1994. Literature-level (compilation), not independently reared here."
assoc_0540,Mechanitis lysimnia,Solanum nr vaillantii (Solanaceae),Vasconcellos-Neto 1991,plausible,plausible_uncertain,literature,literature,medium,beccaloni-compilation; imprecise-host-determination; primary-source-not-verified,True,"Mechanitis (Mechanitini) on Solanum is the prototypical ithomiine host; Vasconcellos-Neto 1991 is a real SP Solanaceae-feeding source, but routed via Beccaloni and host is 'nr' determination."
assoc_0572,Mechanitis polymnia,Datura stramonium (Solanaceae),Guagliumi 1967,atypical,plausible_uncertain,needs_check,needs_check,low,unusual-host-genus; dubious-datura,True,Mechanitis polymnia is a Solanaceae feeder (mainly Solanum); Datura is correct family but atypical genus. Beccaloni explicitly flags this Guagliumi 1967 record as dubious.
assoc_0623,Melinaea lilis,Markea sp. (Solanaceae),Andrews 1983,plausible,plausible_uncertain,literature,literature,low,beccaloni-catalogue-compilation; embedded-primary-citation-untraceable; host-id-genus-level-only,True,Melinaea is oligophagous on epiphytic Solanaceae (Juanulloa/Trianaea/Markea clade); Markea host is plausible. Reaches us via Beccaloni compilation; Andrews 1983 untraceable -> literature.
assoc_0637,Melinaea mneme,Markea coccinea (Solanaceae),"Am, Drummond & Brown 1987",plausible,plausible_uncertain,literature,literature,low,catalogue-mediated; embedded-primary-citation; garbled-citation-string; beccaloni-flagged-dubious,False,"Melinaea (Ithomiini) on Markea (Solanaceae) is typical biology; cited via Beccaloni catalogue to real Drummond & Brown 1987, but row marked dubious -> literature/medium."
assoc_0658,Methona themisto,Brunfelsia spp. (Solanaceae),Otero & Marigo 1990,plausible,plausible_uncertain,literature,literature,medium,beccaloni-catalogue-row; embedded-primary-citation; core-solanaceae-host,False,Methona (Ithomiini) is a well-documented Solanaceae feeder; Brunfelsia is a core host genus. Beccaloni row with embedded Otero & Marigo 1990 primary cite -> literature.
assoc_0711,Placidina euryanassa,Brugmansia suaveolens (Solanaceae),Freitas 1993,plausible,supports,direct,literature,high,well-documented-association; genus-spelling-variant-Placidula-Placidina,False,"Classic well-documented Solanaceae host; Freitas 1993 is a primary rearing/biology study of P. euryanassa on B. suaveolens, corroborated by Brown 1992a & Brown & Freitas 1994."
assoc_0748,Pteronymia notilla,Capsicum sp. (Solanaceae),Young 1974c,plausible,plausible_uncertain,literature,needs_check,low,beccaloni-dubious-marker; primary-source-located-not-full-text-verified; host-genus-capsicum-uncommon-but-solanaceae,False,"Young 1974c is a real biology paper on P. notilla in Costa Rica; Capsicum (Solanaceae) is plausible Ithomiini host, but Beccaloni flagged the row dubious and full text unverified."
